experiment_1_time_s,experiment_1_temperature_C,experiment_2_time_s,experiment_2_temperature_C,experiment_3_time_s,experiment_3_temperature_C,experiment_5_time_s,experiment_5_temperature_C,experiment_4_time_s,experiment_4_temperature_C
0.00176,24.01,0.00176,23.18,0.03688,24.98,0.00176,23.93,0.00176,23.62
0.20176,24.01,0.20176,23.13,0.23688,25.11,0.20176,23.31,0.20176,23.62
0.40176,24.01,0.40176,23.44,0.43688,25.2,0.40176,22.83,0.40176,23.57
0.60176,23.93,0.60176,23.44,0.63688,25.11,0.60176,22.7,0.60176,23.57
0.80176,24.01,0.80176,23.44,0.83688,25.02,0.80176,22.7,0.80176,23.57
1.00176,23.88,1.00176,23,1.03688,25.29,1.00176,22.7,1.00176,23.4
1.20176,23.88,1.20176,23.44,1.23688,25.29,1.20176,22.52,1.20176,23.53
1.40176,23.88,1.40176,22.78,1.43688,25.02,1.40176,22.52,1.40176,23.4
1.60176,23.97,1.60176,22.78,1.63688,25.16,1.60176,22.3,1.60176,23.31
1.80176,23.97,1.80176,22.78,1.83688,25.16,1.80176,22.12,1.80176,23.05
2.00176,23.97,2.00176,22.78,2.03688,25.02,2.00176,22.08,2.00176,23.05
2.20176,24.15,2.20176,22.78,2.23688,25.02,2.20176,22.08,2.20176,22.96
2.40176,24.15,2.40176,22.83,2.43688,25.02,2.40176,21.42,2.40176,22.96
2.60176,24.06,2.60176,22.83,2.63688,25.02,2.60176,21.38,2.60176,23.05
2.80176,23.88,2.80176,23.09,2.83688,25.02,2.80176,20.98,2.80176,23.13
3.00176,24.06,3.00176,23.09,3.03688,25.02,3.00176,20.89,3.00176,23.13
3.20176,24.06,3.20176,22.78,3.23688,25.33,3.20176,20.54,3.20176,23.13
3.40176,24.06,3.40176,22.78,3.43688,25.33,3.40176,20.54,3.40176,23.05
3.60176,24.06,3.60176,22.78,3.63688,25.33,3.60176,20.98,3.60176,23.13
3.80176,24.98,3.80176,22.74,3.83688,25.02,3.80176,21.51,3.80176,23
4.00176,24.98,4.00176,22.74,4.03688,25.64,4.00176,21.86,4.00176,23
4.20176,24.06,4.20176,22.78,4.23688,25.02,4.20176,21.86,4.20176,23.05
4.40176,23.97,4.40176,22.78,4.43688,24.85,4.40176,21.86,4.40176,23.22
4.60176,24.06,4.60176,24.06,4.63688,24.85,4.60176,21.86,4.60176,23.27
4.80176,23.97,4.80176,24.19,4.83688,24.85,4.80176,21.73,4.80176,23.27
5.00176,23.97,5.00176,24.19,5.03688,24.85,5.00176,21.68,5.00176,23.27
5.20176,23.88,5.20176,24.19,5.23688,24.76,5.20176,21.73,5.20176,24.32
5.40176,23.88,5.40176,24.19,5.43688,24.76,5.40176,21.64,5.40176,24.28
5.60176,23.62,5.60176,24.19,5.63688,24.72,5.60176,21.64,5.60176,24.28
5.80176,22.87,5.80176,24.45,5.83688,24.76,5.80176,21.33,5.80176,24.28
6.00176,22.74,6.00176,24.45,6.03688,24.63,6.00176,21.42,6.00176,23.09
6.20176,22.74,6.20176,24.01,6.23688,24.72,6.20176,21.42,6.20176,22.92
6.40176,22.74,6.40176,24.01,6.43688,24.63,6.40176,21.25,6.40176,22.92
6.60176,22.74,6.60176,23.93,6.63688,24.72,6.60176,21.25,6.60176,23
6.80176,22.74,6.80176,23.88,6.83688,24.72,6.80176,21.29,6.80176,23.09
7.00176,22.74,7.00176,23.88,7.03688,24.76,7.00176,21.25,7.00176,23.13
7.20176,22.7,7.20176,23.93,7.23688,24.76,7.20176,21.25,7.20176,23.93
7.40176,22.7,7.40176,23.88,7.43688,24.76,7.40176,21.25,7.40176,24.28
7.60176,22.74,7.60176,23.88,7.63688,24.67,7.60176,21.25,7.60176,24.28
7.80176,22.83,7.80176,23.75,7.83688,24.67,7.80176,21.16,7.80176,24.28
8.00176,22.83,8.00176,23.75,8.03688,24.67,8.00176,21.11,8.00176,23.35
8.20176,23.27,8.20176,23.75,8.23688,24.67,8.20176,21.25,8.20176,23.13
8.40176,23.27,8.40176,23.75,8.43688,24.67,8.40176,21.07,8.40176,23.13
8.60176,23.27,8.60176,23.75,8.63688,24.67,8.60176,21.07,8.60176,23.13
8.80176,23,8.80176,23.79,8.83688,24.67,8.80176,21.07,8.80176,23.05
9.00176,23,9.00176,23.97,9.03688,24.58,9.00176,21.07,9.00176,22.87
9.20176,23,9.20176,23.97,9.23688,24.54,9.20176,20.5,9.20176,23.05
9.40176,23.13,9.40176,23.79,9.43688,24.5,9.40176,20.5,9.40176,23.05
9.60176,23.18,9.60176,23.75,9.63688,24.5,9.60176,20.85,9.60176,23.13
9.80176,23.97,9.80176,23.49,9.83688,24.5,9.80176,21.16,9.80176,23.66
10.00176,23.22,10.00176,23.44,10.03688,24.5,10.00176,21.16,10.00176,22.61
10.20176,23.66,10.20176,28.76,10.23688,25.6,10.20176,28.8,10.20176,25.82
10.40176,25.82,10.40176,63.83,10.43688,28.36,10.40176,30.21,10.40176,24.32
10.60176,27.49,10.60176,99.2,10.63688,31.31,10.60176,31.04,10.60176,26.83
10.80176,30.87,10.80176,96.74,10.83688,31.4,10.80176,31.53,10.80176,28.8
11.00176,37.55,11.00176,93.84,11.03688,31.53,11.00176,32.54,11.00176,28.45
11.20176,45.46,11.20176,89.54,11.23688,31.48,11.20176,32.67,11.20176,29.73
11.40176,52.01,11.40176,88,11.43688,31.48,11.40176,32.67,11.40176,29.42
11.60176,58.73,11.60176,87.91,11.63688,31.48,11.60176,33.73,11.60176,30.61
11.80176,62.38,11.80176,86.37,11.83688,31.48,11.80176,33.9,11.80176,30.43
12.00176,63.43,12.00176,85.36,12.03688,31.35,12.00176,33.99,12.00176,31.04
12.20176,63.17,12.20176,84.44,12.23688,31,12.20176,33.99,12.20176,33.99
12.40176,62.11,12.40176,83.43,12.43688,31,12.40176,33.99,12.40176,33.86
12.60176,61.02,12.60176,83.6,12.63688,31,12.60176,34.08,12.60176,34.17
12.80176,59.13,12.80176,81.85,12.83688,30.78,12.80176,33.99,12.80176,34.52
13.00176,57.85,13.00176,81.01,13.03688,30.47,13.00176,34.08,13.00176,34.56
13.20176,57.32,13.20176,80.26,13.23688,30.39,13.20176,33.95,13.20176,35.18
13.40176,56.71,13.40176,79.38,13.43688,30.08,13.40176,33.95,13.40176,36.36
13.60176,55.48,13.60176,78.55,13.63688,29.99,13.60176,33.77,13.60176,36.36
13.80176,55,13.80176,78.46,13.83688,29.95,13.80176,33.77,13.80176,36.49
14.00176,54.91,14.00176,77.93,14.03688,29.95,14.00176,33.77,14.00176,37.11
14.20176,54.69,14.20176,77.23,14.23688,29.99,14.20176,33.77,14.20176,37.11
14.40176,54.6,14.40176,77.14,14.43688,30.17,14.40176,33.77,14.40176,37.68
14.60176,53.98,14.60176,76.4,14.63688,30.3,14.60176,33.29,14.60176,37.72
14.80176,53.59,14.80176,75.74,14.83688,30.39,14.80176,33.24,14.80176,38.74
15.00176,52.14,15.00176,75.39,15.03688,30.39,15.00176,33.24,15.00176,38.38
15.20176,52.05,15.20176,75.69,15.23688,30.34,15.20176,33.11,15.20176,38.65
15.40176,51.79,15.40176,75.78,15.43688,30.34,15.40176,32.93,15.40176,39.17
15.60176,51.52,15.60176,75.03,15.63688,30.34,15.60176,32.8,15.60176,39.22
15.80176,51.26,15.80176,75.08,15.83688,30.21,15.80176,32.67,15.80176,39.31
16.00176,51.13,16.00176,75.25,16.03688,30.21,16.00176,32.63,16.00176,40.14
16.20176,50.56,16.20176,74.42,16.23688,30.17,16.20176,32.63,16.20176,40.54
16.40176,50.6,16.40176,74.16,16.43688,30.17,16.40176,32.41,16.40176,40.41
16.60176,50.6,16.60176,74.02,16.63688,30.17,16.60176,32.41,16.60176,40.67
16.80176,50.38,16.80176,74.11,16.83688,30.21,16.80176,32.41,16.80176,40.49
17.00176,50.21,17.00176,73.72,17.03688,30.3,17.00176,32.36,17.00176,40.67
17.20176,49.94,17.20176,73.58,17.23688,30.3,17.20176,32.41,17.20176,40.89
17.40176,50.16,17.40176,73.94,17.43688,30.08,17.40176,32.06,17.40176,41.64
17.60176,49.94,17.60176,73.45,17.63688,30.3,17.60176,32.41,17.60176,41.72
17.80176,50.07,17.80176,73.32,17.83688,30.3,17.80176,32.41,17.80176,41.37
18.00176,49.85,18.00176,73.67,18.03688,30.08,18.00176,32.67,18.00176,40.71
18.20176,49.81,18.20176,73.1,18.23688,29.9,18.20176,32.5,18.20176,41.11
18.40176,49.77,18.40176,73.1,18.43688,29.95,18.40176,32.5,18.40176,41.59
18.60176,49.77,18.60176,72.79,18.63688,29.73,18.60176,32.58,18.60176,41.55
18.80176,49.19,18.80176,73.06,18.83688,29.73,18.80176,32.58,18.80176,41.37
19.00176,49.24,19.00176,72.66,19.03688,29.73,19.00176,32.5,19.00176,41.06
19.20176,49.33,19.20176,73.06,19.23688,29.77,19.20176,32.36,19.20176,41.02
19.40176,49.02,19.40176,73.06,19.43688,29.73,19.40176,32.19,19.40176,40.98
19.60176,48.71,19.60176,72.84,19.63688,29.73,19.60176,32.19,19.60176,41.15
19.80176,48.67,19.80176,73.1,19.83688,29.73,19.80176,32.1,19.80176,41.02
20.00176,48.62,20.00176,73.28,20.03688,29.73,20.00176,32.06,20.00176,41.59
20.20176,48.75,20.20176,72.88,20.23688,29.73,20.20176,31.97,20.20176,41.06
20.40176,48.75,20.40176,72.92,20.43688,29.68,20.40176,31.97,20.40176,40.58
20.60176,49.02,20.60176,72.35,20.63688,29.86,20.60176,31.92,20.60176,41.33
20.80176,48.71,20.80176,72.71,20.83688,29.68,20.80176,31.88,20.80176,40.89
21.00176,48.32,21.00176,72.44,21.03688,29.68,21.00176,31.88,21.00176,40.89
21.20176,48.58,21.20176,72.18,21.23688,29.68,21.20176,31.88,21.20176,40.93
21.40176,48.54,21.40176,71.91,21.43688,29.95,21.40176,31.88,21.40176,41.24
21.60176,48.32,21.60176,72.05,21.63688,29.77,21.60176,31.62,21.60176,41.11
21.80176,48.32,21.80176,71.65,21.83688,29.9,21.80176,32.06,21.80176,40.76
22.00176,48.58,22.00176,71.87,22.03688,29.9,22.00176,31.7,22.00176,40.63
22.20176,48.4,22.20176,71.69,22.23688,29.9,22.20176,31.62,22.20176,40.58
22.40176,48.05,22.40176,71.39,22.43688,29.9,22.40176,31.44,22.40176,40.41
22.60176,47.92,22.60176,71.17,22.63688,29.9,22.60176,31.31,22.60176,40.41
22.80176,48.14,22.80176,70.95,22.83688,30.12,22.80176,31.31,22.80176,40.67
23.00176,49.28,23.00176,70.99,23.03688,30.12,23.00176,31.22,23.00176,40.93
23.20176,48.45,23.20176,71.21,23.23688,29.77,23.20176,31.09,23.20176,40.54
23.40176,48.27,23.40176,71.21,23.43688,29.73,23.40176,31.04,23.40176,40.32
23.60176,48.23,23.60176,70.95,23.63688,29.77,23.60176,30.96,23.60176,40.54
23.80176,48.1,23.80176,70.86,23.83688,29.73,23.80176,30.96,23.80176,40.27
24.00176,48.05,24.00176,70.42,24.03688,29.73,24.00176,30.87,24.00176,40.63
24.20176,47.92,24.20176,70.82,24.23688,29.68,24.20176,30.83,24.20176,40.19
24.40176,47.92,24.40176,70.6,24.43688,29.68,24.40176,30.78,24.40176,40.36
24.60176,47.83,24.60176,70.42,24.63688,29.68,24.60176,30.83,24.60176,39.92
24.80176,47.66,24.80176,70.33,24.83688,29.68,24.80176,30.83,24.80176,39.66
25.00176,47.57,25.00176,70.07,25.03688,29.68,25.00176,30.87,25.00176,39.92
25.20176,47.66,25.20176,70.42,25.23688,29.68,25.20176,32.1,25.20176,39.92
25.40176,47.74,25.40176,70.07,25.43688,29.68,25.40176,32.1,25.40176,40.05
25.60176,47.83,25.60176,69.76,25.63688,29.68,25.60176,32.1,25.60176,39.83
25.80176,47.48,25.80176,69.89,25.83688,29.77,25.80176,31.97,25.80176,39.66
26.00176,47.22,26.00176,69.85,26.03688,29.42,26.00176,31.92,26.00176,39.53
26.20176,47.66,26.20176,69.98,26.23688,29.38,26.20176,31.88,26.20176,39.48
26.40176,47.48,26.40176,69.5,26.43688,29.42,26.40176,31.88,26.40176,39.35
26.60176,47.26,26.60176,69.76,26.63688,29.42,26.60176,31.88,26.60176,39.48
26.80176,47.44,26.80176,69.67,26.83688,29.24,26.80176,31.88,26.80176,39.44
27.00176,47.39,27.00176,69.32,27.03688,29.24,27.00176,31.75,27.00176,39.53
27.20176,47.26,27.20176,69.28,27.23688,29.42,27.20176,31.75,27.20176,39.09
27.40176,47.26,27.40176,68.93,27.43688,29.24,27.40176,31.62,27.40176,39.22
27.60176,47.08,27.60176,68.97,27.63688,29.24,27.60176,31.57,27.60176,39.13
27.80176,47.17,27.80176,68.79,27.83688,29.46,27.80176,31.48,27.80176,39.39
28.00176,46.78,28.00176,68.71,28.03688,29.46,28.00176,31.35,28.00176,39.26
28.20176,46.78,28.20176,68.57,28.23688,29.24,28.20176,31.48,28.20176,39.39
28.40176,46.78,28.40176,68.66,28.43688,29.46,28.40176,31.35,28.40176,38.91
28.60176,46.78,28.60176,68.84,28.63688,29.46,28.60176,31.4,28.60176,39.04
28.80176,47.04,28.80176,68.49,28.83688,29.42,28.80176,31.4,28.80176,39.26
29.00176,46.65,29.00176,68.35,29.03688,29.59,29.00176,31.4,29.00176,39.09
29.20176,46.6,29.20176,68.44,29.23688,29.59,29.20176,31.22,29.20176,39.13
29.40176,46.69,29.40176,68.44,29.43688,29.59,29.40176,31.4,29.40176,38.87
29.60176,46.43,29.60176,68.35,29.63688,29.51,29.60176,31.35,29.60176,38.65
29.80176,46.6,29.80176,68.66,29.83688,29.59,29.80176,31.09,29.80176,38.96
30.00176,46.51,30.00176,68.27,30.03688,29.55,30.00176,30.96,30.00176,38.52
30.20176,46.12,30.20176,67.96,30.23688,29.55,30.20176,30.87,30.20176,38.91
30.40176,46.21,30.40176,67.83,30.43688,29.64,30.40176,30.87,30.40176,39.26
30.60176,46.25,30.60176,67.78,30.63688,29.64,30.60176,30.74,30.60176,38.91
30.80176,45.99,30.80176,68.13,30.83688,29.64,30.80176,30.69,30.80176,39.35
31.00176,46.87,31.00176,67.65,31.03688,29.64,31.00176,30.69,31.00176,39.39
31.20176,45.99,31.20176,67.52,31.23688,29.64,31.20176,30.83,31.20176,39.75
31.40176,46.29,31.40176,67.34,31.43688,29.38,31.40176,30.65,31.40176,39.48
31.60176,45.94,31.60176,67.12,31.63688,29.51,31.60176,30.65,31.60176,39.17
31.80176,46.16,31.80176,67.39,31.83688,29.38,31.80176,30.56,31.80176,39.22
32.00176,45.85,32.00176,67.65,32.03688,29.38,32.00176,30.56,32.00176,39.13
32.20176,45.72,32.20176,67.26,32.23688,29.33,32.20176,30.56,32.20176,39.04
32.40176,45.9,32.40176,66.95,32.43688,29.46,32.40176,31.66,32.40176,39.22
32.60176,46.03,32.60176,66.95,32.63688,29.33,32.60176,31.66,32.60176,39.31
32.80176,45.94,32.80176,67.04,32.83688,29.46,32.80176,31.66,32.80176,38.87
33.00176,45.68,33.00176,66.77,33.03688,29.46,33.00176,31.53,33.00176,38.87
33.20176,45.94,33.20176,67.52,33.23688,29.46,33.20176,31.53,33.20176,38.74
33.40176,45.81,33.40176,67.21,33.43688,29.46,33.40176,31.53,33.40176,38.82
33.60176,45.46,33.60176,67.21,33.63688,29.46,33.60176,31.53,33.60176,38.69
33.80176,45.55,33.80176,67.21,33.83688,29.24,33.80176,31.53,33.80176,38.52
34.00176,45.99,34.00176,66.9,34.03688,29.24,34.00176,31.57,34.00176,38.6
34.20176,45.81,34.20176,66.99,34.23688,29.24,34.20176,31.53,34.20176,38.43
34.40176,45.42,34.40176,66.73,34.43688,29.24,34.40176,31.31,34.40176,38.43
34.60176,45.46,34.60176,66.6,34.63688,29.24,34.60176,31.22,34.60176,38.3
34.80176,45.55,34.80176,66.42,34.83688,29.07,34.80176,31.13,34.80176,38.69
35.00176,45.77,35.00176,66.55,35.03688,29.07,35.00176,31.09,35.00176,38.38
35.20176,46.34,35.20176,66.55,35.23688,29.07,35.20176,31.04,35.20176,38.25
35.40176,46.25,35.40176,66.33,35.43688,29.07,35.40176,31,35.40176,38.16
35.60176,45.72,35.60176,66.6,35.63688,29.16,35.60176,31,35.60176,38.56
35.80176,46.51,35.80176,65.94,35.83688,29.29,35.80176,31.09,35.80176,38.21
36.00176,46.43,36.00176,66.07,36.03688,29.68,36.00176,31,36.00176,38.08
36.20176,46.25,36.20176,66.38,36.23688,29.68,36.20176,31,36.20176,37.99
36.40176,45.9,36.40176,66.07,36.43688,29.68,36.40176,30.96,36.40176,38.21
36.60176,45.99,36.60176,66.03,36.63688,29.68,36.60176,30.96,36.60176,38.08
36.80176,46.21,36.80176,65.94,36.83688,29.68,36.80176,30.96,36.80176,38.21
37.00176,45.68,37.00176,65.72,37.03688,29.68,37.00176,30.96,37.00176,37.72
37.20176,45.94,37.20176,65.81,37.23688,29.73,37.20176,30.96,37.20176,37.81
37.40176,45.59,37.40176,65.37,37.43688,29.77,37.40176,30.78,37.40176,37.86
37.60176,45.55,37.60176,65.19,37.63688,29.77,37.60176,30.69,37.60176,37.99
37.80176,45.63,37.80176,65.54,37.83688,29.77,37.80176,30.69,37.80176,37.77
38.00176,45.9,38.00176,65.81,38.03688,29.68,38.00176,30.65,38.00176,38.03
38.20176,45.33,38.20176,65.19,38.23688,29.68,38.20176,30.61,38.20176,38.21
38.40176,45.55,38.40176,65.19,38.43688,29.64,38.40176,30.52,38.40176,38.25
38.60176,45.9,38.60176,64.88,38.63688,29.46,38.60176,30.39,38.60176,37.99
38.80176,45.42,38.80176,65.28,38.83688,29.46,38.80176,30.39,38.80176,38.16
39.00176,45.46,39.00176,64.97,39.03688,29.46,39.00176,30.39,39.00176,38.43
39.20176,45.15,39.20176,64.71,39.23688,29.29,39.20176,30.39,39.20176,37.86
39.40176,45.24,39.40176,64.49,39.43688,29.29,39.40176,30.43,39.40176,37.86
39.60176,45.5,39.60176,64.71,39.63688,29.29,39.60176,30.52,39.60176,38.34
39.80176,45.15,39.80176,64.75,39.83688,29.29,39.80176,30.52,39.80176,37.72
40.00176,45.15,40.00176,64.4,40.03688,29.29,40.00176,30.61,40.00176,37.81
40.20176,45.11,40.20176,64.71,40.23688,29.29,40.20176,30.87,40.20176,37.68
40.40176,45.24,40.40176,64.36,40.43688,29.29,40.40176,30.87,40.40176,37.86
40.60176,45.81,40.60176,64.27,40.63688,29.29,40.60176,30.87,40.60176,37.59
40.80176,44.84,40.80176,64.31,40.83688,29.29,40.80176,30.61,40.80176,37.42
41.00176,45.06,41.00176,64.18,41.03688,29.29,41.00176,30.52,41.00176,37.59
41.20176,44.98,41.20176,64.18,41.23688,29.33,41.20176,30.52,41.20176,37.64
41.40176,45.46,41.40176,64.18,41.43688,29.33,41.40176,30.52,41.40176,37.37
41.60176,44.98,41.60176,64.09,41.63688,29.46,41.60176,30.61,41.60176,37.5
41.80176,44.58,41.80176,63.83,41.83688,29.33,41.80176,30.61,41.80176,37.46
42.00176,45.11,42.00176,63.61,42.03688,29.24,42.00176,30.61,42.00176,37.37
42.20176,44.98,42.20176,63.83,42.23688,29.16,42.20176,30.12,42.20176,37.64
42.40176,44.71,42.40176,63.39,42.43688,29.16,42.40176,30.03,42.40176,37.42
42.60176,44.62,42.60176,63.65,42.63688,29.16,42.60176,30.03,42.60176,37.29
42.80176,45.28,42.80176,63.34,42.83688,29.02,42.80176,30.03,42.80176,37.15
43.00176,44.36,43.00176,63.3,43.03688,28.94,43.00176,30.03,43.00176,37.24
43.20176,44.4,43.20176,63.08,43.23688,28.94,43.20176,30.03,43.20176,37.46
43.40176,44.4,43.40176,62.95,43.43688,28.94,43.40176,30.03,43.40176,37.2
43.60176,44.54,43.60176,63.34,43.63688,28.94,43.60176,29.77,43.60176,37.07
43.80176,44.58,43.80176,63.21,43.83688,28.85,43.80176,29.77,43.80176,37.33
44.00176,44.4,44.00176,63.17,44.03688,28.94,44.00176,29.77,44.00176,37.02
44.20176,44.18,44.20176,63.3,44.23688,28.8,44.20176,29.59,44.20176,37.11
44.40176,44.45,44.40176,62.77,44.43688,28.8,44.40176,29.59,44.40176,37.24
44.60176,44.1,44.60176,62.64,44.63688,28.8,44.60176,29.55,44.60176,37.02
44.80176,44.36,44.80176,62.64,44.83688,28.85,44.80176,29.55,44.80176,36.93
45.00176,44.23,45.00176,62.51,45.03688,28.8,45.00176,29.55,45.00176,36.67
45.20176,44.32,45.20176,62.64,45.23688,28.8,45.20176,29.46,45.20176,37.02
45.40176,44.71,45.40176,62.51,45.43688,28.72,45.40176,29.46,45.40176,36.54
45.60176,44.05,45.60176,62.64,45.63688,28.8,45.60176,29.51,45.60176,36.67
45.80176,43.96,45.80176,62.42,45.83688,28.67,45.80176,29.51,45.80176,36.45
46.00176,44.23,46.00176,62.33,46.03688,28.72,46.00176,29.51,46.00176,36.54
46.20176,43.88,46.20176,62.33,46.23688,28.72,46.20176,29.51,46.20176,36.32
46.40176,43.88,46.40176,62.2,46.43688,28.76,46.40176,29.51,46.40176,36.63
46.60176,43.88,46.60176,62.03,46.63688,28.72,46.60176,30.17,46.60176,36.41
46.80176,44.05,46.80176,61.94,46.83688,28.72,46.80176,30.65,46.80176,36.49
47.00176,44.1,47.00176,61.89,47.03688,28.67,47.00176,30.65,47.00176,36.71
47.20176,43.79,47.20176,61.81,47.23688,28.67,47.20176,30.69,47.20176,36.36
47.40176,43.75,47.40176,61.81,47.43688,28.63,47.40176,30.69,47.40176,36.19
47.60176,43.83,47.60176,62.64,47.63688,28.63,47.60176,30.65,47.60176,36.58
47.80176,43.66,47.80176,62.55,47.83688,28.58,47.80176,30.47,47.80176,36.23
48.00176,44.23,48.00176,62.2,48.03688,28.58,48.00176,30.3,48.00176,36.89
48.20176,43.48,48.20176,62.25,48.23688,28.54,48.20176,30.3,48.20176,36.23
48.40176,43.79,48.40176,62.11,48.43688,28.54,48.40176,30.3,48.40176,36.05
48.60176,43.75,48.60176,62.03,48.63688,28.58,48.60176,30.3,48.60176,36.14
48.80176,43.44,48.80176,61.81,48.83688,28.58,48.80176,30.34,48.80176,36.14
49.00176,43.66,49.00176,61.81,49.03688,28.58,49.00176,30.34,49.00176,36.05
49.20176,43.44,49.20176,61.85,49.23688,28.58,49.20176,30.34,49.20176,36.01
49.40176,43.35,49.40176,61.67,49.43688,28.58,49.40176,30.34,49.40176,35.97
49.60176,43.31,49.60176,61.67,49.63688,28.45,49.60176,30.34,49.60176,35.75
49.80176,43.39,49.80176,61.94,49.83688,28.41,49.80176,30.21,49.80176,35.75
50.00176,43.31,50.00176,61.72,50.03688,28.41,50.00176,29.95,50.00176,35.83
50.20176,43.22,50.20176,61.32,50.23688,28.36,50.20176,29.86,50.20176,36.01
50.40176,43.26,50.40176,61.24,50.43688,28.32,50.40176,29.73,50.40176,36.01
50.60176,44.01,50.60176,61.32,50.63688,28.36,50.60176,29.73,50.60176,36.1
50.80176,43.61,50.80176,61.32,50.83688,28.32,50.80176,29.68,50.80176,35.4
51.00176,43.39,51.00176,61.32,51.03688,28.32,51.00176,29.64,51.00176,35.62
51.20176,43.61,51.20176,61.32,51.23688,28.32,51.20176,29.64,51.20176,35.66
51.40176,43.22,51.40176,61.32,51.43688,28.28,51.40176,29.64,51.40176,35.53
51.60176,43.44,51.60176,61.32,51.63688,28.28,51.60176,29.59,51.60176,35.66
51.80176,43.04,51.80176,61.32,51.83688,28.28,51.80176,29.46,51.80176,35.7
52.00176,43.31,52.00176,61.32,52.03688,28.28,52.00176,29.42,52.00176,35.53
52.20176,43.66,52.20176,61.32,52.23688,28.1,52.20176,29.38,52.20176,35.62
52.40176,43.22,52.40176,61.32,52.43688,28.1,52.40176,29.33,52.40176,35.66
52.60176,43.09,52.60176,60.97,52.63688,28.1,52.60176,29.33,52.60176,35.66
52.80176,43.22,52.80176,60.71,52.83688,28.1,52.80176,29.38,52.80176,35.44
53.00176,43.04,53.00176,60.84,53.03688,28.1,53.00176,29.38,53.00176,35.48
53.20176,43.09,53.20176,60.8,53.23688,28.23,53.20176,29.38,53.20176,35.13
53.40176,43.17,53.40176,61.1,53.43688,28.36,53.40176,29.38,53.40176,35.13
53.60176,43.04,53.60176,60.75,53.63688,28.36,53.60176,29.38,53.60176,35.13
53.80176,42.95,53.80176,60.84,53.83688,28.36,53.80176,30.17,53.80176,35.13
54.00176,42.91,54.00176,60.71,54.03688,27.88,54.00176,30.56,54.00176,35.13
54.20176,42.69,54.20176,60.4,54.23688,27.88,54.20176,32.1,54.20176,35.13
54.40176,42.47,54.40176,60.4,54.43688,27.88,54.40176,32.1,54.40176,35.13
54.60176,42.6,54.60176,60.44,54.63688,27.88,54.60176,30.65,54.60176,36.01
54.80176,42.91,54.80176,60.44,54.83688,27.88,54.80176,30.69,54.80176,36.14
55.00176,42.56,55.00176,60.44,55.03688,28.1,55.00176,30.65,55.00176,35.66
55.20176,42.6,55.20176,60.97,55.23688,27.88,55.20176,30.65,55.20176,35.26
55.40176,42.82,55.40176,60.84,55.43688,27.88,55.40176,30.65,55.40176,35.53
55.60176,42.47,55.60176,60.8,55.63688,27.71,55.60176,30.61,55.60176,35.44
55.80176,42.34,55.80176,60.36,55.83688,27.71,55.80176,30.34,55.80176,35.4
56.00176,42.69,56.00176,60.4,56.03688,27.71,56.00176,30.34,56.00176,35.57
56.20176,42.43,56.20176,60.62,56.23688,27.71,56.20176,30.21,56.20176,35.31
56.40176,42.51,56.40176,60.53,56.43688,27.71,56.40176,30.34,56.40176,35.31
56.60176,42.43,56.60176,60.31,56.63688,27.71,56.60176,30.34,56.60176,35.53
56.80176,42.29,56.80176,60.88,56.83688,27.71,56.80176,30.21,56.80176,35.13
57.00176,42.38,57.00176,60.36,57.03688,27.62,57.00176,30.34,57.00176,35.18
57.20176,42.25,57.20176,60.22,57.23688,27.62,57.20176,30.34,57.20176,35.22
57.40176,43.17,57.40176,60.18,57.43688,27.57,57.40176,30.12,57.40176,35.04
57.60176,42.51,57.60176,60.22,57.63688,27.62,57.60176,29.86,57.60176,35.31
57.80176,42.29,57.80176,60.05,57.83688,27.62,57.80176,29.77,57.80176,35.04
58.00176,42.6,58.00176,60.05,58.03688,27.88,58.00176,29.77,58.00176,35.35
58.20176,42.25,58.20176,60.09,58.23688,27.62,58.20176,29.77,58.20176,35
58.40176,41.77,58.40176,59.92,58.43688,27.88,58.40176,29.77,58.40176,34.91
58.60176,41.86,58.60176,59.74,58.63688,27.88,58.60176,29.77,58.60176,35.09
58.80176,41.86,58.80176,59.74,58.83688,27.88,58.80176,29.77,58.80176,35
59.00176,41.86,59.00176,59.61,59.03688,27.57,59.00176,29.95,59.00176,35.04
59.20176,41.99,59.20176,59.7,59.23688,27.79,59.20176,29.95,59.20176,35
59.40176,41.37,59.40176,59.65,59.43688,27.71,59.40176,29.73,59.40176,34.91
59.60176,41.64,59.60176,59.57,59.63688,27.57,59.60176,29.73,59.60176,34.78
59.80176,42.16,59.80176,59.65,59.83688,27.62,59.80176,29.73,59.80176,34.74
60.00176,41.59,60.00176,59.43,60.03688,27.66,60.00176,29.73,60.00176,35
60.20176,41.9,60.20176,59.08,60.23688,27.62,60.20176,30.17,60.20176,34.74
60.40176,41.68,60.40176,59.13,60.43688,27.57,60.40176,30.17,60.40176,34.82
60.60176,41.9,60.60176,59.21,60.63688,27.53,60.60176,30.17,60.60176,34.69
60.80176,41.37,60.80176,59.08,60.83688,27.49,60.80176,29.46,60.80176,34.6
61.00176,41.81,61.00176,59.35,61.03688,27.31,61.00176,29.46,61.00176,34.69
61.20176,41.5,61.20176,59.17,61.23688,27.31,61.20176,29.46,61.20176,34.82
61.40176,41.94,61.40176,58.95,61.43688,27.31,61.40176,29.55,61.40176,34.52
61.60176,41.64,61.60176,58.77,61.63688,27.27,61.60176,29.59,61.60176,34.56
61.80176,41.15,61.80176,58.82,61.83688,27.27,61.80176,29.59,61.80176,34.74
62.00176,41.64,62.00176,59.08,62.03688,27.27,62.00176,29.55,62.00176,34.6
62.20176,41.37,62.20176,58.99,62.23688,27.27,62.20176,29.55,62.20176,35.92
62.40176,40.84,62.40176,59.39,62.43688,27.22,62.40176,29.55,62.40176,34.56
62.60176,41.81,62.60176,59.13,62.63688,27.22,62.60176,29.55,62.60176,34.69
62.80176,41.33,62.80176,59.13,62.83688,27.22,62.80176,29.42,62.80176,34.17
63.00176,41.2,63.00176,58.99,63.03688,27.35,63.00176,29.42,63.00176,34.12
63.20176,41.2,63.20176,58.82,63.23688,27.22,63.20176,29.33,63.20176,33.99
63.40176,41.2,63.40176,58.99,63.43688,27.4,63.40176,29.33,63.40176,34.08
63.60176,41.11,63.60176,58.86,63.63688,27.22,63.60176,29.2,63.60176,34.17
63.80176,40.93,63.80176,58.82,63.83688,27.4,63.80176,29.16,63.80176,34.34
64.00176,41.33,64.00176,59.08,64.03688,27.35,64.00176,29.16,64.00176,33.99
64.20176,41.37,64.20176,58.64,64.23688,27.35,64.20176,29.16,64.20176,34.03
64.40176,41.11,64.40176,58.33,64.43688,27.27,64.40176,29.16,64.40176,34.08
64.60176,41.24,64.60176,58.29,64.63688,27.27,64.60176,29.16,64.60176,34.43
64.80176,40.93,64.80176,58.55,64.83688,27.27,64.80176,29.16,64.80176,34.03
65.00176,40.93,65.00176,58.64,65.03688,27.18,65.00176,29.07,65.00176,33.95
65.20176,41.28,65.20176,58.29,65.23688,27.18,65.20176,29.07,65.20176,33.9
65.40176,40.98,65.40176,58.33,65.43688,27.13,65.40176,28.98,65.40176,34.12
65.60176,40.89,65.60176,58.16,65.63688,27.35,65.60176,29.07,65.60176,33.95
65.80176,40.71,65.80176,57.98,65.83688,27.22,65.80176,28.98,65.80176,33.99
66.00176,40.89,66.00176,58.03,66.03688,27.22,66.00176,29.42,66.00176,33.81
66.20176,40.71,66.20176,58.16,66.23688,27.09,66.20176,28.98,66.20176,33.86
66.40176,40.71,66.40176,57.81,66.43688,26.91,66.40176,28.94,66.40176,33.68
66.60176,40.8,66.60176,58.29,66.63688,26.83,66.60176,28.94,66.60176,33.86
66.80176,40.27,66.80176,57.85,66.83688,26.83,66.80176,28.94,66.80176,35.44
67.00176,40.58,67.00176,57.76,67.03688,26.83,67.00176,28.94,67.00176,33.73
67.20176,41.11,67.20176,57.76,67.23688,26.83,67.20176,28.94,67.20176,33.95
67.40176,40.89,67.40176,57.63,67.43688,26.96,67.40176,28.94,67.40176,33.51
67.60176,40.71,67.60176,57.59,67.63688,26.96,67.60176,28.58,67.60176,33.68
67.80176,40.71,67.80176,57.94,67.83688,26.96,67.80176,28.58,67.80176,33.81
68.00176,40.93,68.00176,57.72,68.03688,26.96,68.00176,28.58,68.00176,33.64
68.20176,41.28,68.20176,57.68,68.23688,27.4,68.20176,28.94,68.20176,33.68
68.40176,40.54,68.40176,57.5,68.43688,27.4,68.40176,30.52,68.40176,33.99
68.60176,40.76,68.60176,57.54,68.63688,27.4,68.60176,30.52,68.60176,33.24
68.80176,40.84,68.80176,57.54,68.83688,26.78,68.80176,30.56,68.80176,33.59
69.00176,40.8,69.00176,57.41,69.03688,26.78,69.00176,30.56,69.00176,33.33
69.20176,40.36,69.20176,57.28,69.23688,26.78,69.20176,30.61,69.20176,33.29
69.40176,40.41,69.40176,57.19,69.43688,26.78,69.40176,30.39,69.40176,33.29
69.60176,40.63,69.60176,56.93,69.63688,26.78,69.60176,30.39,69.60176,33.46
69.80176,40.84,69.80176,56.8,69.83688,26.56,69.80176,30.08,69.80176,33.55
70.00176,40.45,70.00176,57.1,70.03688,26.56,70.00176,29.64,70.00176,33.64
70.20176,41.06,70.20176,56.88,70.23688,26.56,70.20176,29.64,70.20176,33.55
70.40176,40.27,70.40176,56.97,70.43688,26.56,70.40176,29.59,70.40176,33.33
70.60176,40.45,70.60176,56.71,70.63688,26.56,70.60176,29.55,70.60176,33.07
70.80176,40.05,70.80176,56.8,70.83688,26.47,70.80176,29.55,70.80176,32.89
71.00176,40.1,71.00176,56.88,71.03688,26.47,71.00176,29.73,71.00176,33.42
71.20176,40.14,71.20176,56.8,71.23688,26.47,71.20176,29.46,71.20176,32.85
71.40176,40.19,71.40176,56.71,71.43688,26.69,71.40176,29.73,71.40176,33.24
71.60176,40.54,71.60176,56.53,71.63688,26.91,71.60176,29.73,71.60176,32.8
71.80176,40.36,71.80176,56.49,71.83688,27.31,71.80176,29.38,71.80176,33.02
72.00176,39.97,72.00176,56.4,72.03688,27.31,72.00176,29.38,72.00176,33.02
72.20176,40.32,72.20176,56.18,72.23688,27.31,72.20176,29.68,72.20176,33.15
72.40176,40.27,72.40176,56.4,72.43688,27.31,72.40176,29.38,72.40176,33.46
72.60176,40.27,72.60176,56.45,72.63688,27.27,72.60176,29.42,72.60176,33.2
72.80176,40.1,72.80176,56.23,72.83688,27.22,72.80176,29.68,72.80176,32.71
73.00176,39.83,73.00176,56.53,73.03688,27.18,73.00176,29.42,73.00176,32.76
73.20176,40.27,73.20176,56.23,73.23688,27.18,73.20176,28.98,73.20176,32.67
73.40176,39.92,73.40176,56.27,73.43688,27.13,73.40176,28.98,73.40176,32.85
73.60176,40.36,73.60176,56.01,73.63688,26.96,73.60176,28.8,73.60176,32.58
73.80176,40.1,73.80176,55.87,73.83688,26.96,73.80176,28.8,73.80176,32.45
74.00176,39.83,74.00176,55.92,74.03688,26.96,74.00176,28.76,74.00176,32.36
74.20176,39.75,74.20176,56.01,74.23688,27,74.20176,28.76,74.20176,33.55
74.40176,40.58,74.40176,55.83,74.43688,27,74.40176,28.63,74.40176,33.46
74.60176,40.19,74.60176,55.65,74.63688,27,74.60176,28.76,74.60176,33.42
74.80176,39.75,74.80176,55.39,74.83688,27,74.80176,28.63,74.80176,33.64
75.00176,39.88,75.00176,55.79,75.03688,27,75.00176,28.58,75.00176,33.99
75.20176,40.01,75.20176,55.48,75.23688,27.09,75.20176,28.63,75.20176,33.42
75.40176,39.88,75.40176,55.52,75.43688,27.09,75.40176,28.76,75.40176,33.55
75.60176,39.97,75.60176,55.35,75.63688,27,75.60176,28.8,75.60176,33.46
75.80176,40.1,75.80176,55.48,75.83688,27.09,75.80176,28.85,75.80176,33.11
76.00176,39.83,76.00176,55.21,76.03688,27,76.00176,29.11,76.00176,33.51
76.20176,39.57,76.20176,55.57,76.23688,26.91,76.20176,29.24,76.20176,33.81
76.40176,39.44,76.40176,55.39,76.43688,26.96,76.40176,29.24,76.40176,33.37
76.60176,39.61,76.60176,55.13,76.63688,26.96,76.60176,29.29,76.60176,33.07
76.80176,39.22,76.80176,55.3,76.83688,26.87,76.80176,29.29,76.80176,33.9
77.00176,39.35,77.00176,55.52,77.03688,26.78,77.00176,29.24,77.00176,33.46
77.20176,39.39,77.20176,55.65,77.23688,26.78,77.20176,29.16,77.20176,33.37
77.40176,39.79,77.40176,55.35,77.43688,26.78,77.40176,29.02,77.40176,33.02
77.60176,39.61,77.60176,55.61,77.63688,26.78,77.60176,28.89,77.60176,33.68
77.80176,39.57,77.80176,55.17,77.83688,26.78,77.80176,28.89,77.80176,32.93
78.00176,39.53,78.00176,55.21,78.03688,26.61,78.00176,28.45,78.00176,32.93
78.20176,39.31,78.20176,55.04,78.23688,26.65,78.20176,28.36,78.20176,32.93
78.40176,39.09,78.40176,55.13,78.43688,26.56,78.40176,28.36,78.40176,32.89
78.60176,39.09,78.60176,54.86,78.63688,26.56,78.60176,28.36,78.60176,32.93
78.80176,39,78.80176,55.04,78.83688,26.65,78.80176,28.36,78.80176,32.89
79.00176,39.13,79.00176,55.08,79.03688,26.69,79.00176,28.36,79.00176,32.67
79.20176,39.09,79.20176,55.08,79.23688,26.69,79.20176,28.58,79.20176,32.63
79.40176,39.22,79.40176,54.91,79.43688,26.69,79.40176,28.54,79.40176,33.59
79.60176,38.78,79.60176,54.82,79.63688,26.69,79.60176,28.54,79.60176,32.76
79.80176,39.09,79.80176,54.73,79.83688,26.69,79.80176,28.5,79.80176,32.5
80.00176,39.44,80.00176,54.6,80.03688,26.69,80.00176,28.5,80.00176,32.8
80.20176,39.04,80.20176,54.73,80.23688,26.56,80.20176,28.5,80.20176,32.76
80.40176,38.78,80.40176,54.73,80.43688,26.56,80.40176,28.32,80.40176,32.8
80.60176,39.13,80.60176,54.64,80.63688,26.56,80.60176,28.06,80.60176,32.76
80.80176,39,80.80176,54.29,80.83688,26.56,80.80176,28.01,80.80176,32.71
81.00176,38.74,81.00176,54.29,81.03688,26.56,81.00176,28.01,81.00176,32.36
81.20176,40.36,81.20176,54.2,81.23688,27,81.20176,28.01,81.20176,32.71
81.40176,38.96,81.40176,54.16,81.43688,27,81.40176,28.01,81.40176,32.5
81.60176,39.35,81.60176,54.38,81.63688,27,81.60176,28.01,81.60176,32.32
81.80176,39.44,81.80176,53.98,81.83688,26.3,81.80176,27.97,81.80176,32.45
82.00176,38.74,82.00176,53.98,82.03688,26.3,82.00176,27.92,82.00176,32.41
82.20176,38.52,82.20176,54.12,82.23688,26.25,82.20176,27.92,82.20176,32.45
82.40176,38.82,82.40176,53.9,82.43688,26.3,82.40176,27.92,82.40176,32.45
82.60176,38.69,82.60176,54.03,82.63688,26.3,82.60176,28.06,82.60176,32.41
82.80176,38.6,82.80176,53.98,82.83688,26.3,82.80176,28.8,82.80176,32.45
83.00176,39.04,83.00176,54.03,83.03688,26.3,83.00176,28.8,83.00176,32.71
83.20176,38.96,83.20176,53.94,83.23688,26.3,83.20176,28.8,83.20176,32.23
83.40176,38.52,83.40176,53.63,83.43688,26.17,83.40176,28.5,83.40176,32.23
83.60176,38.56,83.60176,53.54,83.63688,26.17,83.60176,28.41,83.60176,32.01
83.80176,38.6,83.80176,53.98,83.83688,26.17,83.80176,28.36,83.80176,31.88
84.00176,39,84.00176,54.07,84.03688,26.43,84.00176,28.36,84.00176,32.28
84.20176,38.43,84.20176,54.2,84.23688,26.52,84.20176,28.23,84.20176,32.32
84.40176,38.56,84.40176,54.07,84.43688,26.52,84.40176,28.23,84.40176,32.14
84.60176,38.82,84.60176,53.98,84.63688,26.43,84.60176,28.19,84.60176,32.71
84.80176,38.3,84.80176,53.85,84.83688,26.3,84.80176,28.14,84.80176,31.97
85.00176,38.82,85.00176,53.85,85.03688,26.12,85.00176,28.14,85.00176,32.67
85.20176,38.78,85.20176,53.76,85.23688,26.08,85.20176,28.14,85.20176,31.97
85.40176,39.22,85.40176,54.12,85.43688,26.12,85.40176,28.19,85.40176,32.1
85.60176,38.69,85.60176,53.94,85.63688,26.12,85.60176,28.1,85.60176,32.1
85.80176,38.82,85.80176,53.59,85.83688,26.12,85.80176,27.84,85.80176,31.84
86.00176,38.82,86.00176,53.41,86.03688,26.52,86.00176,27.84,86.00176,31.79
86.20176,39,86.20176,53.54,86.23688,26.65,86.20176,27.84,86.20176,32.01
86.40176,38.56,86.40176,53.15,86.43688,26.78,86.40176,27.84,86.40176,31.97
86.60176,38.6,86.60176,53.54,86.63688,26.78,86.60176,27.75,86.60176,31.7
86.80176,38.96,86.80176,53.37,86.83688,26.83,86.80176,28.06,86.80176,31.62
87.00176,39.13,87.00176,53.33,87.03688,26.83,87.00176,28.23,87.00176,31.66
87.20176,38.56,87.20176,53.41,87.23688,26.83,87.20176,28.23,87.20176,31.79
87.40176,38.6,87.40176,53.15,87.43688,26.83,87.40176,27.97,87.40176,32.1
87.60176,38.6,87.60176,53.28,87.63688,26.87,87.60176,28.28,87.60176,31.84
87.80176,39.04,87.80176,53.02,87.83688,26.69,87.80176,27.97,87.80176,32.1
88.00176,38.34,88.00176,52.93,88.03688,26.65,88.00176,27.97,88.00176,31.57
88.20176,38.47,88.20176,53.11,88.23688,26.61,88.20176,27.97,88.20176,31.7
88.40176,38.47,88.40176,52.84,88.43688,26.61,88.40176,27.97,88.40176,31.75
88.60176,38.82,88.60176,53.02,88.63688,26.61,88.60176,27.44,88.60176,32.01
88.80176,38.3,88.80176,52.97,88.83688,26.78,88.80176,27.44,88.80176,32.1
89.00176,38.25,89.00176,52.89,89.03688,26.96,89.00176,27.27,89.00176,31.84
89.20176,38.69,89.20176,52.49,89.23688,26.96,89.20176,27.27,89.20176,31.53
89.40176,38.38,89.40176,52.49,89.43688,26.96,89.40176,27.35,89.40176,31.48
89.60176,38.3,89.60176,52.4,89.63688,26.56,89.60176,27.92,89.60176,31.18
89.80176,38.56,89.80176,52.53,89.83688,26.56,89.80176,28.58,89.80176,31.35
90.00176,38.74,90.00176,52.53,90.03688,26.56,90.00176,28.58,90.00176,31.22
90.20176,38.74,90.20176,52.62,90.23688,26.56,90.20176,28.58,90.20176,31.31
90.40176,38.6,90.40176,52.4,90.43688,26.56,90.40176,28.58,90.40176,31.31
90.60176,38.38,90.60176,52.14,90.63688,26.34,90.60176,28.58,90.60176,31.4
90.80176,38.91,90.80176,52.45,90.83688,26.34,90.80176,28.72,90.80176,31.53
91.00176,38.16,91.00176,52.09,91.03688,26.34,91.00176,28.72,91.00176,31.26
91.20176,38.34,91.20176,52.27,91.23688,26.3,91.20176,28.72,91.20176,31
91.40176,38.21,91.40176,52.49,91.43688,26.34,91.40176,28.54,91.40176,31.31
91.60176,38.74,91.60176,52.67,91.63688,26.3,91.60176,28.54,91.60176,31.18
91.80176,38.74,91.80176,52.49,91.83688,26.47,91.80176,28.28,91.80176,31.31
92.00176,38.3,92.00176,52.71,92.03688,26.52,92.00176,28.28,92.00176,35.13
92.20176,38.34,92.20176,52.58,92.23688,26.65,92.20176,28.28,92.20176,31.09
92.40176,38.08,92.40176,52.18,92.43688,26.52,92.40176,28.41,92.40176,31.22
92.60176,37.9,92.60176,52.49,92.63688,26.52,92.60176,28.19,92.60176,31.31
92.80176,38.03,92.80176,52.05,92.83688,27.13,92.80176,28.32,92.80176,31.18
93.00176,38.3,93.00176,52.01,93.03688,27.13,93.00176,28.32,93.00176,32.93
93.20176,38.08,93.20176,52.09,93.23688,26.43,93.20176,28.41,93.20176,32.93
93.40176,37.94,93.40176,52.09,93.43688,26.43,93.40176,28.45,93.40176,31.53
93.60176,38.69,93.60176,51.96,93.63688,26.39,93.60176,28.45,93.60176,30.78
93.80176,38.12,93.80176,51.88,93.83688,26.39,93.80176,29.11,93.80176,31.13
94.00176,37.9,94.00176,51.74,94.03688,26.39,94.00176,29.11,94.00176,30.78
94.20176,38.3,94.20176,51.74,94.23688,26.39,94.20176,28.41,94.20176,30.83
94.40176,37.94,94.40176,51.83,94.43688,26.39,94.40176,27.97,94.40176,30.61
94.60176,37.94,94.60176,51.88,94.63688,26.12,94.60176,27.92,94.60176,30.52
94.80176,37.77,94.80176,51.39,94.83688,26.12,94.80176,27.75,94.80176,30.65
95.00176,37.68,95.00176,51.52,95.03688,26.08,95.00176,27.75,95.00176,30.52
95.20176,38.38,95.20176,51.7,95.23688,26.04,95.20176,27.75,95.20176,30.61
95.40176,37.99,95.40176,51.44,95.43688,26.04,95.40176,27.75,95.40176,30.69
95.60176,37.77,95.60176,51.52,95.63688,26.12,95.60176,27.75,95.60176,30.87
95.80176,37.59,95.80176,51.66,95.83688,26.17,95.80176,27.53,95.80176,30.47
96.00176,37.81,96.00176,51.26,96.03688,26.17,96.00176,27.53,96.00176,30.65
96.20176,37.81,96.20176,51.66,96.23688,26.17,96.20176,27.49,96.20176,30.39
96.40176,37.72,96.40176,51.57,96.43688,26.17,96.40176,27.44,96.40176,30.39
96.60176,37.46,96.60176,51.08,96.63688,26.17,96.60176,27.44,96.60176,30.47
96.80176,38.08,96.80176,51.26,96.83688,26.08,96.80176,27.27,96.80176,30.61
97.00176,38.03,97.00176,51.26,97.03688,26.08,97.00176,27.27,97.00176,30.52
97.20176,37.29,97.20176,51,97.23688,26.08,97.20176,27.27,97.20176,30.56
97.40176,37.81,97.40176,50.78,97.43688,25.99,97.40176,28.19,97.40176,30.17
97.60176,37.55,97.60176,51.04,97.63688,26.08,97.60176,28.32,97.60176,30.43
97.80176,37.72,97.80176,51.52,97.83688,25.99,97.80176,28.32,97.80176,30.52
98.00176,38.16,98.00176,50.91,98.03688,25.99,98.00176,28.32,98.00176,30.3
98.20176,37.64,98.20176,50.78,98.23688,26.04,98.20176,28.32,98.20176,30.34
98.40176,37.37,98.40176,50.69,98.43688,26.43,98.40176,28.19,98.40176,30.52
98.60176,37.37,98.60176,50.51,98.63688,26.04,98.60176,28.19,98.60176,30.43
98.80176,37.64,98.80176,50.78,98.83688,26.43,98.80176,28.23,98.80176,30.21
99.00176,37.33,99.00176,50.51,99.03688,26.04,99.00176,28.23,99.00176,30.12
99.20176,37.33,99.20176,50.51,99.23688,25.82,99.20176,28.23,99.20176,31.13
99.40176,37.68,99.40176,50.34,99.43688,25.77,99.40176,28.23,99.40176,30.17
99.60176,37.15,99.60176,50.38,99.63688,25.73,99.60176,28.23,99.60176,30.21
99.80176,37.46,99.80176,50.56,99.83688,25.68,99.80176,28.19,99.80176,30.08
100.00176,37.37,100.00176,50.42,100.03688,25.64,100.00176,27.66,100.00176,30.17
100.20176,37.42,100.20176,50.56,100.23688,25.64,100.20176,27.66,100.20176,30.25
100.40176,37.02,100.40176,50.34,100.43688,25.73,100.40176,27.71,100.40176,29.9
100.60176,37.2,100.60176,50.29,100.63688,26.08,100.60176,27.71,100.60176,30.03
100.80176,37.15,100.80176,50.12,100.83688,26.17,100.80176,27.71,100.80176,30.21
101.00176,37.2,101.00176,49.99,101.03688,26.17,101.00176,27.71,101.00176,30.25
101.20176,37.15,101.20176,49.99,101.23688,26.17,101.20176,27.62,101.20176,30.08
101.40176,37.15,101.40176,50.16,101.43688,26.25,101.40176,27.62,101.40176,29.99
101.60176,37.68,101.60176,50.34,101.63688,26.39,101.60176,27.44,101.60176,29.64
101.80176,37.24,101.80176,49.63,101.83688,26.39,101.80176,27.44,101.80176,29.77
102.00176,37.11,102.00176,50.03,102.03688,26.39,102.00176,27.35,102.00176,29.95
102.20176,37.29,102.20176,50.03,102.23688,26.08,102.20176,27.35,102.20176,29.99
102.40176,37.24,102.40176,49.94,102.43688,26.04,102.40176,27.13,102.40176,30.08
102.60176,36.8,102.60176,49.72,102.63688,26.04,102.60176,27.09,102.60176,29.68
102.80176,37.64,102.80176,49.85,102.83688,26.04,102.80176,27.09,102.80176,29.77
103.00176,36.89,103.00176,49.55,103.03688,26.04,103.00176,27.09,103.00176,29.95
103.20176,37.07,103.20176,49.68,103.23688,26.04,103.20176,27.09,103.20176,29.9
103.40176,37.02,103.40176,49.77,103.43688,26.04,103.40176,27.09,103.40176,29.81
103.60176,37.02,103.60176,49.55,103.63688,26.04,103.60176,27.09,103.60176,29.55
103.80176,37.24,103.80176,49.55,103.83688,26.04,103.80176,27.09,103.80176,30.08
104.00176,37.37,104.00176,49.33,104.03688,26.04,104.00176,27.09,104.00176,29.55
104.20176,37.02,104.20176,49.63,104.23688,25.99,104.20176,26.3,104.20176,29.59
104.40176,36.89,104.40176,49.37,104.43688,25.99,104.40176,26.3,104.40176,29.81
104.60176,36.89,104.60176,49.5,104.63688,25.95,104.60176,26.04,104.60176,29.46
104.80176,37.29,104.80176,49.33,104.83688,25.95,104.80176,26.04,104.80176,29.9
105.00176,36.71,105.00176,49.24,105.03688,25.99,105.00176,25.6,105.00176,29.55
105.20176,36.8,105.20176,49.37,105.23688,25.9,105.20176,25.68,105.20176,30.21
105.40176,36.85,105.40176,49.33,105.43688,25.9,105.40176,25.6,105.40176,29.77
105.60176,36.63,105.60176,49.24,105.63688,25.86,105.60176,25.6,105.60176,29.42
105.80176,36.76,105.80176,49.11,105.83688,25.86,105.80176,25.6,105.80176,29.64
106.00176,36.71,106.00176,49.02,106.03688,25.68,106.00176,25.68,106.00176,29.64
106.20176,37.15,106.20176,49.06,106.23688,25.68,106.20176,26.3,106.20176,29.2
106.40176,37.5,106.40176,48.97,106.43688,25.64,106.40176,26.52,106.40176,29.42
106.60176,36.71,106.60176,49.15,106.63688,25.68,106.60176,26.52,106.60176,29.73
106.80176,36.67,106.80176,48.8,106.83688,25.68,106.80176,26.43,106.80176,29.51
107.00176,36.89,107.00176,48.54,107.03688,25.64,107.00176,26.43,107.00176,29.16
107.20176,36.71,107.20176,48.58,107.23688,25.55,107.20176,26.47,107.20176,29.2
107.40176,36.71,107.40176,48.58,107.43688,25.55,107.40176,26.43,107.40176,29.42
107.60176,36.98,107.60176,48.45,107.63688,25.55,107.60176,26.43,107.60176,29.33
107.80176,36.71,107.80176,48.67,107.83688,26.47,107.80176,26.43,107.80176,29.29
108.00176,36.67,108.00176,48.49,108.03688,26.47,108.00176,26.21,108.00176,29.16
108.20176,36.49,108.20176,48.89,108.23688,27.05,108.20176,26.21,108.20176,29.2
108.40176,36.71,108.40176,48.75,108.43688,26.47,108.40176,26.21,108.40176,29.02
108.60176,36.58,108.60176,48.84,108.63688,26.34,108.60176,26.3,108.60176,29.29
108.80176,36.49,108.80176,48.54,108.83688,26.34,108.80176,26.3,108.80176,29.11
109.00176,36.54,109.00176,48.27,109.03688,26.34,109.00176,26.3,109.00176,29.2
109.20176,36.36,109.20176,48.27,109.23688,26.34,109.20176,25.86,109.20176,29.38
109.40176,36.41,109.40176,48.27,109.43688,26.34,109.40176,25.86,109.40176,29.11
109.60176,36.32,109.60176,48.32,109.63688,26.34,109.60176,25.86,109.60176,28.98
109.80176,36.41,109.80176,48.05,109.83688,26.25,109.80176,25.86,109.80176,29.2
110.00176,36.23,110.00176,48.23,110.03688,26.25,110.00176,25.68,110.00176,29.99
110.20176,36.19,110.20176,47.79,110.23688,26.25,110.20176,25.68,110.20176,29.81
110.40176,36.27,110.40176,47.88,110.43688,26.25,110.40176,25.68,110.40176,29.86
110.60176,36.19,110.60176,47.7,110.63688,26.25,110.60176,25.68,110.60176,29.86
110.80176,36.27,110.80176,47.83,110.83688,26.3,110.80176,25.68,110.80176,30.69
111.00176,36.93,111.00176,48.01,111.03688,26.3,111.00176,26.04,111.00176,29.9
111.20176,36.36,111.20176,47.92,111.23688,26.3,111.20176,26.04,111.20176,30.03
111.40176,36.19,111.40176,47.66,111.43688,26.3,111.40176,26.04,111.40176,30.08
111.60176,36.41,111.60176,47.57,111.63688,26.25,111.60176,26.04,111.60176,29.68
111.80176,36.85,111.80176,47.7,111.83688,26.21,111.80176,25.9,111.80176,30.08
112.00176,36.27,112.00176,47.61,112.03688,26.21,112.00176,25.86,112.00176,29.81
112.20176,36.32,112.20176,47.35,112.23688,26.12,112.20176,25.9,112.20176,29.77
112.40176,36.71,112.40176,47.44,112.43688,26.12,112.40176,25.86,112.40176,29.38
112.60176,35.97,112.60176,47.08,112.63688,26.12,112.60176,25.86,112.60176,29.46
112.80176,36.19,112.80176,47.96,112.83688,26.12,112.80176,26.21,112.80176,29.81
113.00176,36.01,113.00176,47.92,113.03688,26.47,113.00176,26.21,113.00176,29.46
113.20176,36.05,113.20176,48.23,113.23688,26.52,113.20176,25.99,113.20176,29.33
113.40176,36.23,113.40176,47.88,113.43688,26.47,113.40176,25.99,113.40176,29.38
113.60176,36.36,113.60176,48.1,113.63688,26.47,113.60176,25.68,113.60176,29.59
113.80176,36.36,113.80176,48.18,113.83688,26.25,113.80176,25.55,113.80176,29.24
114.00176,36.01,114.00176,48.32,114.03688,26.25,114.00176,25.55,114.00176,29.29
114.20176,36.41,114.20176,47.79,114.23688,26.04,114.20176,25.55,114.20176,29.42
114.40176,36.01,114.40176,47.88,114.43688,25.9,114.40176,25.55,114.40176,29.38
114.60176,36.19,114.60176,47.66,114.63688,25.9,114.60176,25.55,114.60176,29.42
114.80176,35.75,114.80176,48.14,114.83688,26.25,114.80176,25.82,114.80176,29.42
115.00176,35.88,115.00176,47.66,115.03688,26.25,115.00176,26.21,115.00176,29.42
115.20176,35.88,115.20176,47.66,115.23688,26.43,115.20176,26.21,115.20176,29.29
115.40176,35.62,115.40176,47.7,115.43688,26.43,115.40176,26.21,115.40176,29.46
115.60176,36.01,115.60176,47.74,115.63688,26.43,115.60176,26.21,115.60176,29.55
115.80176,35.88,115.80176,47.88,115.83688,26.43,115.80176,26.08,115.80176,29.42
116.00176,35.97,116.00176,47.7,116.03688,26.34,116.00176,25.38,116.00176,29.33
116.20176,35.7,116.20176,47.39,116.23688,26.34,116.20176,25.24,116.20176,29.2
116.40176,35.83,116.40176,47.74,116.43688,26.34,116.40176,25.24,116.40176,28.85
116.60176,35.62,116.60176,47.57,116.63688,26.17,116.60176,25.16,116.60176,29.11
116.80176,36.32,116.80176,47.22,116.83688,26.17,116.80176,25.07,116.80176,29.73
117.00176,35.92,117.00176,47.44,117.03688,26.17,117.00176,24.94,117.00176,30.17
117.20176,35.7,117.20176,47.39,117.23688,26.17,117.20176,24.94,117.20176,29.2
117.40176,35.57,117.40176,47.17,117.43688,26.17,117.40176,24.89,117.40176,29.02
117.60176,35.62,117.60176,47.17,117.63688,25.99,117.60176,24.85,117.60176,29.07
117.80176,35.57,117.80176,47.3,117.83688,25.99,117.80176,24.72,117.80176,28.94
118.00176,35.44,118.00176,47.17,118.03688,26.17,118.00176,24.72,118.00176,28.98
118.20176,35.57,118.20176,47.08,118.23688,26.08,118.20176,24.72,118.20176,30.39
118.40176,35.53,118.40176,47.13,118.43688,26.08,118.40176,24.72,118.40176,29.46
118.60176,35.83,118.60176,46.91,118.63688,26.52,118.60176,25.6,118.60176,29.02
118.80176,35.75,118.80176,46.73,118.83688,26.52,118.80176,25.73,118.80176,28.89
119.00176,35.66,119.00176,47.13,119.03688,26.25,119.00176,25.82,119.00176,29.02
119.20176,35.62,119.20176,46.69,119.23688,26.25,119.20176,25.73,119.20176,29.02
119.40176,35.7,119.40176,46.91,119.43688,25.99,119.40176,25.73,119.40176,28.85
119.60176,35.44,119.60176,46.69,119.63688,25.99,119.60176,25.64,119.60176,29.07
119.80176,35.83,119.80176,46.65,119.83688,26.08,119.80176,25.64,119.80176,29.11
120.00176,35.75,120.00176,46.78,120.03688,26.08,120.00176,25.64,120.00176,28.89
120.20176,35.57,120.20176,46.87,120.23688,26.25,120.20176,25.38,120.20176,28.76
120.40176,35.53,120.40176,47,120.43688,26.25,120.40176,25.29,120.40176,28.85
120.60176,35.48,120.60176,47.26,120.63688,26.17,120.60176,25.42,120.60176,28.8
120.80176,35.48,120.80176,48.18,120.83688,26.17,120.80176,25.29,120.80176,28.98
121.00176,34.38,121.00176,47.04,121.03688,26.08,121.00176,25.16,121.00176,28.94
121.20176,35,121.20176,46.91,121.23688,25.99,121.20176,25.07,121.20176,28.67
121.40176,34.65,121.40176,46.82,121.43688,25.99,121.40176,25.07,121.40176,28.94
121.60176,34.78,121.60176,46.95,121.63688,25.95,121.60176,25.07,121.60176,28.41
121.80176,34.69,121.80176,46.78,121.83688,25.99,121.80176,25.07,121.80176,29.07
122.00176,34.65,122.00176,47,122.03688,25.99,122.00176,25.16,122.00176,28.67
122.20176,34.38,122.20176,46.69,122.23688,26.25,122.20176,25.16,122.20176,28.76
122.40176,34.38,122.40176,46.56,122.43688,25.99,122.40176,25.16,122.40176,28.58
122.60176,34.56,122.60176,46.51,122.63688,26.25,122.60176,25.16,122.60176,28.67
122.80176,34.78,122.80176,46.51,122.83688,25.99,122.80176,24.76,122.80176,28.58
123.00176,34.74,123.00176,46.38,123.03688,25.9,123.00176,24.76,123.00176,29.2
123.20176,34.43,123.20176,46.47,123.23688,25.77,123.20176,25.02,123.20176,28.63
123.40176,36.27,123.40176,46.78,123.43688,25.77,123.40176,25.02,123.40176,28.54
123.60176,34.91,123.60176,46.56,123.63688,25.77,123.60176,25.02,123.60176,28.85
123.80176,34.52,123.80176,46.47,123.83688,25.77,123.80176,25.02,123.80176,28.58
124.00176,34.87,124.00176,46.43,124.03688,25.77,124.00176,24.8,124.00176,28.54
124.20176,34.47,124.20176,46.29,124.23688,25.6,124.20176,24.8,124.20176,28.41
124.40176,34.6,124.40176,47.96,124.43688,25.73,124.40176,24.8,124.40176,28.5
124.60176,34.47,124.60176,46.38,124.63688,25.64,124.60176,24.63,124.60176,30.21
124.80176,35.13,124.80176,46.16,124.83688,25.73,124.80176,24.45,124.80176,30.03
125.00176,34.25,125.00176,46.25,125.03688,25.64,125.00176,24.45,125.00176,28.1
125.20176,34.78,125.20176,46.21,125.23688,25.73,125.20176,24.41,125.20176,28.89
125.40176,34.12,125.40176,46.29,125.43688,25.64,125.40176,24.41,125.40176,28.41
125.60176,34.12,125.60176,46.03,125.63688,25.77,125.60176,24.28,125.60176,28.45
125.80176,33.99,125.80176,46.47,125.83688,25.6,125.80176,24.41,125.80176,28.23
126.00176,33.95,126.00176,45.9,126.03688,25.77,126.00176,24.41,126.00176,28.23
126.20176,34.25,126.20176,47.83,126.23688,25.73,126.20176,25.11,126.20176,28.19
126.40176,33.77,126.40176,45.68,126.43688,25.77,126.40176,25.46,126.40176,29.42
126.60176,33.99,126.60176,45.77,126.63688,25.73,126.60176,25.46,126.60176,28.41
126.80176,34.21,126.80176,45.81,126.83688,25.73,126.80176,25.2,126.80176,28.58
127.00176,34.3,127.00176,45.94,127.03688,25.73,127.00176,25.2,127.00176,28.19
127.20176,33.86,127.20176,45.72,127.23688,25.64,127.20176,25.2,127.20176,28.32
127.40176,34.08,127.40176,45.77,127.43688,25.64,127.40176,25.2,127.40176,28.23
127.60176,33.9,127.60176,45.85,127.63688,25.6,127.60176,25.11,127.60176,28.5
127.80176,33.86,127.80176,45.63,127.83688,25.6,127.80176,25.2,127.80176,28.14
128.00176,33.81,128.00176,45.42,128.03688,25.55,128.00176,25.11,128.00176,28.63
128.20176,33.73,128.20176,45.81,128.23688,25.46,128.20176,25.11,128.20176,28.19
128.40176,33.81,128.40176,45.5,128.43688,25.38,128.40176,24.89,128.40176,28.06
128.60176,34.65,128.60176,45.55,128.63688,25.38,128.60176,25.2,128.60176,28.72
128.80176,33.99,128.80176,45.42,128.83688,25.38,128.80176,24.98,128.80176,28.1
129.00176,34.17,129.00176,45.77,129.03688,25.38,129.00176,25.2,129.00176,28.1
129.20176,33.77,129.20176,45.33,129.23688,25.38,129.20176,25.73,129.20176,27.97
129.40176,34.08,129.40176,45.55,129.43688,25.24,129.40176,25.73,129.40176,27.79
129.60176,33.73,129.60176,45.28,129.63688,25.24,129.60176,25.11,129.60176,27.92
129.80176,34.17,129.80176,45.55,129.83688,25.24,129.80176,26.52,129.80176,28.06
130.00176,34.17,130.00176,45.11,130.03688,25.24,130.00176,25.11,130.00176,27.75
130.20176,33.99,130.20176,44.98,130.23688,25.24,130.20176,24.98,130.20176,27.97
130.40176,34.08,130.40176,45.11,130.43688,25.24,130.40176,24.89,130.40176,27.84
130.60176,34.82,130.60176,45.15,130.63688,25.24,130.60176,24.58,130.60176,27.71
130.80176,33.81,130.80176,45.06,130.83688,25.24,130.80176,24.58,130.80176,27.97
131.00176,34.08,131.00176,45.06,131.03688,25.24,131.00176,24.5,131.00176,28.85
131.20176,33.95,131.20176,45.24,131.23688,25.29,131.20176,24.45,131.20176,27.75
131.40176,33.64,131.40176,44.98,131.43688,25.24,131.40176,24.45,131.40176,27.79
131.60176,33.68,131.60176,44.98,131.63688,25.16,131.60176,24.45,131.60176,28.23
131.80176,33.81,131.80176,44.71,131.83688,25.16,131.80176,24.41,131.80176,29.81
132.00176,33.95,132.00176,44.71,132.03688,25.16,132.00176,24.41,132.00176,28.36
132.20176,33.95,132.20176,44.71,132.23688,25.16,132.20176,24.41,132.20176,28.67
132.40176,33.77,132.40176,44.84,132.43688,25.16,132.40176,24.37,132.40176,28.58
132.60176,33.55,132.60176,44.54,132.63688,25.11,132.60176,24.28,132.60176,28.58
132.80176,33.77,132.80176,44.45,132.83688,25.11,132.80176,24.45,132.80176,28.45
133.00176,33.81,133.00176,44.71,133.03688,24.94,133.00176,24.45,133.00176,28.89
133.20176,33.64,133.20176,44.67,133.23688,24.94,133.20176,25.29,133.20176,28.28
133.40176,33.59,133.40176,44.62,133.43688,25.07,133.40176,25.29,133.40176,29.02
133.60176,33.77,133.60176,44.32,133.63688,25.07,133.60176,25.46,133.60176,28.5
133.80176,34.52,133.80176,44.27,133.83688,24.98,133.80176,25.46,133.80176,28.19
134.00176,33.59,134.00176,44.45,134.03688,24.98,134.00176,25.46,134.00176,28.28
134.20176,33.68,134.20176,44.23,134.23688,24.98,134.20176,25.46,134.20176,28.41
134.40176,33.9,134.40176,44.62,134.43688,24.98,134.40176,25.46,134.40176,28.67
134.60176,33.24,134.60176,45.11,134.63688,24.98,134.60176,25.33,134.60176,28.28
134.80176,33.42,134.80176,44.93,134.83688,24.8,134.80176,25.33,134.80176,28.67
135.00176,33.55,135.00176,45.06,135.03688,24.8,135.00176,25.24,135.00176,28.54
135.20176,33.2,135.20176,44.98,135.23688,24.8,135.20176,25.24,135.20176,28.98
135.40176,33.24,135.40176,45.11,135.43688,25.33,135.40176,25.16,135.40176,28.1
135.60176,33.29,135.60176,44.98,135.63688,25.33,135.60176,25.16,135.60176,28.58
135.80176,33.33,135.80176,44.8,135.83688,25.33,135.80176,25.16,135.80176,28.5
136.00176,33.68,136.00176,44.89,136.03688,25.33,136.00176,25.16,136.00176,28.06
136.20176,33.33,136.20176,44.67,136.23688,25.07,136.20176,25.33,136.20176,28.36
136.40176,33.33,136.40176,46.38,136.43688,25.07,136.40176,25.33,136.40176,28.14
136.60176,33.37,136.60176,44.89,136.63688,25.07,136.60176,25.33,136.60176,28.23
136.80176,33.51,136.80176,44.67,136.83688,25.07,136.80176,25.99,136.80176,28.32
137.00176,33.64,137.00176,44.58,137.03688,25.07,137.00176,24.89,137.00176,28.23
137.20176,33.46,137.20176,44.36,137.23688,24.89,137.20176,24.67,137.20176,28.01
137.40176,33.37,137.40176,44.58,137.43688,24.89,137.40176,24.67,137.40176,28.36
137.60176,33.46,137.60176,44.45,137.63688,24.98,137.60176,25.99,137.60176,28.28
137.80176,33.46,137.80176,45.9,137.83688,24.98,137.80176,26.34,137.80176,28.01
138.00176,33.68,138.00176,44.32,138.03688,24.8,138.00176,26.34,138.00176,29.11
138.20176,33.33,138.20176,44.27,138.23688,24.8,138.20176,26.56,138.20176,30.43
138.40176,32.89,138.40176,43.96,138.43688,24.72,138.40176,26.56,138.40176,30.39
138.60176,33.33,138.60176,44.32,138.63688,24.67,138.60176,26.56,138.60176,28.06
138.80176,33.33,138.80176,44.32,138.83688,24.67,138.80176,25.51,138.80176,27.92
139.00176,33.29,139.00176,44.36,139.03688,24.67,139.00176,25.51,139.00176,27.97
139.20176,33.07,139.20176,44.1,139.23688,24.67,139.20176,25.51,139.20176,27.84
139.40176,33.37,139.40176,44.18,139.43688,24.67,139.40176,25.51,139.40176,27.84
139.60176,33.11,139.60176,44.14,139.63688,24.67,139.60176,24.5,139.60176,27.97
139.80176,33.2,139.80176,44.05,139.83688,24.67,139.80176,24.41,139.80176,28.06
140.00176,33.64,140.00176,43.88,140.03688,24.63,140.00176,24.28,140.00176,28.41
140.20176,33.15,140.20176,43.88,140.23688,24.8,140.20176,24.28,140.20176,28.14
140.40176,33.02,140.40176,43.83,140.43688,24.63,140.40176,24.28,140.40176,27.97
140.60176,33.29,140.60176,43.75,140.63688,24.8,140.60176,25.33,140.60176,27.79
140.80176,33.15,140.80176,43.7,140.83688,24.8,140.80176,25.33,140.80176,28.01
141.00176,33.73,141.00176,43.88,141.03688,24.8,141.00176,25.33,141.00176,27.84
141.20176,32.93,141.20176,43.88,141.23688,24.67,141.20176,25.2,141.20176,28.89
141.40176,33.2,141.40176,44.05,141.43688,24.8,141.40176,25.2,141.40176,28.98
141.60176,33.29,141.60176,43.92,141.63688,24.67,141.60176,25.2,141.60176,27.92
141.80176,33.46,141.80176,44.23,141.83688,24.67,141.80176,25.2,141.80176,28.1
142.00176,32.98,142.00176,44.58,142.03688,24.54,142.00176,25.11,142.00176,27.75
142.20176,33.33,142.20176,44.4,142.23688,24.45,142.20176,25.11,142.20176,27.75
142.40176,33.2,142.40176,44.01,142.43688,24.45,142.40176,25.11,142.40176,27.62
142.60176,32.71,142.60176,44.01,142.63688,24.45,142.60176,25.02,142.60176,28.01
142.80176,33.29,142.80176,44.18,,,142.80176,25.11,142.80176,27.53
143.00176,33.07,143.00176,44.01,,,143.00176,25.02,143.00176,27.53
143.20176,33.11,143.20176,43.79,,,143.20176,25.38,143.20176,27.57
143.40176,33.95,143.40176,43.83,,,143.40176,24.94,143.40176,27.49
143.60176,32.71,143.60176,43.83,,,143.60176,24.94,143.60176,27.71
143.80176,33.24,143.80176,43.96,,,143.80176,24.63,143.80176,27.62
144.00176,32.85,144.00176,43.66,,,144.00176,24.63,144.00176,29.24
144.20176,32.58,144.20176,43.79,,,144.20176,24.63,144.20176,28.06
144.40176,32.67,144.40176,44.18,,,144.40176,24.63,144.40176,27.35
144.60176,33.42,144.60176,43.57,,,144.60176,24.63,144.60176,27.84
144.80176,33.11,144.80176,43.57,,,144.80176,25.68,144.80176,27.88
145.00176,32.5,145.00176,43.61,,,145.00176,24.5,145.00176,27.71
145.20176,32.76,145.20176,43.57,,,145.20176,24.37,145.20176,27.49
145.40176,32.71,145.40176,43.7,,,145.40176,24.37,145.40176,28.8
145.60176,32.93,145.60176,43.44,,,145.60176,24.28,145.60176,28.28
145.80176,32.67,145.80176,43.75,,,145.80176,24.23,145.80176,27.35
146.00176,33.07,146.00176,43.39,,,146.00176,24.23,146.00176,27.53
146.20176,33.24,146.20176,43.53,,,146.20176,24.28,146.20176,28.01
146.40176,32.45,146.40176,43.75,,,146.40176,25.73,146.40176,27.49
146.60176,32.8,146.60176,43.31,,,146.60176,25.73,146.60176,27.57
146.80176,32.5,146.80176,43.22,,,146.80176,25.73,146.80176,27.92
147.00176,32.45,147.00176,43.22,,,147.00176,25.73,147.00176,27.53
147.20176,32.32,147.20176,43.35,,,147.20176,25.73,147.20176,27.57
147.40176,32.85,147.40176,43.17,,,147.40176,25.73,147.40176,27.31
147.60176,32.85,147.60176,43.39,,,147.60176,25.51,147.60176,27.75
147.80176,32.45,147.80176,43.26,,,147.80176,25.51,147.80176,27.75
148.00176,33.29,148.00176,43.09,,,148.00176,26.17,148.00176,27.35
148.20176,32.5,148.20176,43,,,148.20176,25.51,148.20176,27.44
148.40176,32.58,148.40176,43.13,,,148.40176,25.24,148.40176,27.27
148.60176,32.67,148.60176,42.95,,,148.60176,25.11,148.60176,27.22
148.80176,32.71,148.80176,43,,,148.80176,25.16,148.80176,27.27
149.00176,32.89,149.00176,42.95,,,149.00176,25.11,149.00176,30.21
149.20176,32.5,149.20176,42.73,,,149.20176,25.11,149.20176,27.31
149.40176,32.5,149.40176,42.65,,,149.40176,25.11,149.40176,27.49
149.60176,32.19,149.60176,42.91,,,149.60176,25.11,149.60176,27.35
149.80176,32.32,149.80176,42.87,,,149.80176,25.11,149.80176,27.44
150.00176,32.5,150.00176,42.73,,,150.00176,24.85,150.00176,27.49
150.20176,33.15,150.20176,43.09,,,150.20176,25.38,150.20176,29.86
150.40176,32.5,150.40176,42.69,,,150.40176,24.72,150.40176,27.31
150.60176,32.32,150.60176,42.38,,,150.60176,24.72,150.60176,27.44
150.80176,34.12,150.80176,42.47,,,150.80176,24.72,150.80176,27.79
151.00176,32.54,151.00176,42.47,,,151.00176,24.8,151.00176,27.57
151.20176,32.45,151.20176,42.69,,,151.20176,24.63,151.20176,28.85
151.40176,32.67,151.40176,42.65,,,151.40176,24.63,151.40176,27.35
151.60176,32.45,151.60176,42.34,,,151.60176,24.45,151.60176,27.18
151.80176,33.33,151.80176,42.21,,,151.80176,24.41,151.80176,27.44
152.00176,32.58,152.00176,42.29,,,152.00176,24.37,152.00176,27.13
152.20176,32.32,152.20176,42.25,,,152.20176,24.41,152.20176,27.31
152.40176,33.29,152.40176,42.16,,,152.40176,24.45,152.40176,29.55
152.60176,32.67,152.60176,42.21,,,152.60176,24.41,152.60176,26.96
152.80176,32.14,152.80176,42.08,,,152.80176,24.28,152.80176,27.05
153.00176,32.45,153.00176,42.51,,,153.00176,24.67,153.00176,27.22
153.20176,32.1,153.20176,42.03,,,153.20176,24.28,153.20176,27.05
153.40176,32.1,153.40176,42.38,,,153.40176,24.23,153.40176,27.44
153.60176,33.55,153.60176,42.08,,,153.60176,24.28,153.60176,27.57
153.80176,32.01,153.80176,42.47,,,153.80176,24.5,153.80176,27.66
154.00176,31.97,154.00176,42.38,,,154.00176,24.15,154.00176,27.62
154.20176,32.45,154.20176,42.21,,,154.20176,24.15,154.20176,28.54
154.40176,32.63,154.40176,44.36,,,154.40176,24.06,154.40176,27.84
154.60176,32.41,154.60176,41.99,,,154.60176,24.06,154.60176,27.97
154.80176,32.36,154.80176,41.68,,,154.80176,24.06,154.80176,29.77
155.00176,33.86,155.00176,41.86,,,155.00176,24.94,155.00176,27.62
155.20176,32.45,155.20176,41.99,,,155.20176,24.94,155.20176,27.57
155.40176,31.88,155.40176,41.77,,,155.40176,24.94,155.40176,28.36
155.60176,32.19,155.60176,41.77,,,155.60176,24.94,155.60176,27.49
155.80176,31.92,155.80176,41.77,,,155.80176,25.9,155.80176,27.49
156.00176,31.92,156.00176,41.81,,,156.00176,24.89,156.00176,27.62
156.20176,32.58,156.20176,41.55,,,156.20176,24.85,156.20176,27.88
156.40176,31.57,156.40176,41.77,,,156.40176,24.85,156.40176,27.66
156.60176,31.97,156.60176,41.72,,,156.60176,24.85,156.60176,27.49
156.80176,32.28,156.80176,41.68,,,156.80176,24.67,156.80176,27.57
157.00176,32.32,157.00176,41.68,,,157.00176,24.67,157.00176,27.49
157.20176,31.84,157.20176,41.55,,,157.20176,24.5,157.20176,27.84
157.40176,31.79,157.40176,41.55,,,,,157.40176,27.4
157.60176,32.32,157.60176,41.55,,,,,157.60176,27.53
157.80176,32.14,157.80176,41.2,,,,,157.80176,27.97
158.00176,32.06,158.00176,41.33,,,,,158.00176,27.53
158.20176,32.1,158.20176,41.24,,,,,158.20176,27.79
158.40176,31.79,158.40176,41.37,,,,,158.40176,27.57
158.60176,32.76,158.60176,41.46,,,,,158.60176,27.44
158.80176,32.67,158.80176,41.33,,,,,158.80176,27.53
159.00176,32.14,159.00176,41.28,,,,,159.00176,27.27
159.20176,32.14,159.20176,41.11,,,,,159.20176,27.79
159.40176,32.89,159.40176,40.98,,,,,159.40176,27.22
159.60176,32.19,159.60176,40.98,,,,,159.60176,27.22
159.80176,31.62,159.80176,41.06,,,,,159.80176,27.49
160.00176,31.92,160.00176,41.02,,,,,160.00176,27.49
160.20176,31.79,160.20176,41.06,,,,,160.20176,27.4
160.40176,32.06,160.40176,40.89,,,,,160.40176,27.44
160.60176,31.88,160.60176,41.06,,,,,160.60176,27.35
160.80176,31.97,160.80176,41.28,,,,,160.80176,27.97
161.00176,31.66,161.00176,40.89,,,,,161.00176,27.13
161.20176,32.14,161.20176,40.76,,,,,161.20176,27.27
161.40176,31.66,161.40176,41.02,,,,,161.40176,27.4
161.60176,31.79,161.60176,40.8,,,,,161.60176,27.35
161.80176,31.7,161.80176,40.63,,,,,161.80176,27.05
162.00176,31.79,162.00176,40.54,,,,,162.00176,27.18
162.20176,31.75,162.20176,40.8,,,,,162.20176,27.31
162.40176,33.51,162.40176,40.67,,,,,162.40176,29.95
162.60176,31.4,162.60176,40.41,,,,,162.60176,27.22
162.80176,31.7,162.80176,40.76,,,,,162.80176,27.18
163.00176,31.75,163.00176,40.23,,,,,163.00176,27.09
163.20176,31.44,163.20176,40.63,,,,,163.20176,27.09
163.40176,31.66,163.40176,40.84,,,,,163.40176,27.18
163.60176,31.31,163.60176,41.2,,,,,163.60176,26.91
163.80176,32.23,163.80176,41.02,,,,,163.80176,27.05
164.00176,31.44,164.00176,41.06,,,,,164.00176,27.44
164.20176,33.33,164.20176,41.33,,,,,164.20176,27.13
164.40176,33.29,164.40176,41.24,,,,,164.40176,28.28
164.60176,31.92,164.60176,41.2,,,,,164.60176,27.27
164.80176,31.26,164.80176,43,,,,,164.80176,27.05
165.00176,31.7,165.00176,40.84,,,,,165.00176,28.1
165.20176,31.26,165.20176,40.89,,,,,165.20176,27
165.40176,31.88,165.40176,41.02,,,,,165.40176,27.13
165.60176,31.44,165.60176,40.76,,,,,165.60176,27.05
165.80176,31.26,165.80176,41.02,,,,,165.80176,27.44
166.00176,31.48,166.00176,40.63,,,,,166.00176,27.05
166.20176,31.92,166.20176,40.67,,,,,166.20176,27.27
166.40176,32.19,166.40176,40.71,,,,,166.40176,27
166.60176,31.26,166.60176,40.58,,,,,166.60176,26.83
166.80176,33.64,166.80176,40.54,,,,,166.80176,28.89
167.00176,31.35,167.00176,40.76,,,,,167.00176,26.96
167.20176,31.7,167.20176,40.32,,,,,167.20176,26.91
167.40176,31.66,167.40176,40.58,,,,,167.40176,26.78
167.60176,31.26,167.60176,40.63,,,,,167.60176,26.87
167.80176,33.37,167.80176,40.58,,,,,167.80176,26.87
168.00176,31.22,168.00176,40.67,,,,,168.00176,26.69
168.20176,31.13,168.20176,40.32,,,,,168.20176,26.83
168.40176,30.96,168.40176,40.27,,,,,168.40176,26.65
168.60176,31.13,168.60176,40.32,,,,,168.60176,26.47
168.80176,31.57,168.80176,40.63,,,,,168.80176,26.65
169.00176,31.31,169.00176,40.27,,,,,169.00176,26.74
169.20176,31.57,169.20176,40.27,,,,,169.20176,26.43
169.40176,31.35,169.40176,40.19,,,,,169.40176,26.56
169.60176,31.31,169.60176,40.49,,,,,169.60176,26.74
169.80176,31.09,169.80176,40.49,,,,,169.80176,26.96
170.00176,31.09,170.00176,40.49,,,,,170.00176,26.91
170.20176,31.7,170.20176,40.01,,,,,170.20176,26.47
170.40176,31.44,170.40176,40.05,,,,,170.40176,26.78
170.60176,31.35,170.60176,40.63,,,,,170.60176,26.74
170.80176,31.22,170.80176,40.76,,,,,170.80176,26.65
171.00176,31.53,171.00176,40.58,,,,,171.00176,26.65
171.20176,31.4,171.20176,40.84,,,,,171.20176,26.39
171.40176,32.76,171.40176,40.32,,,,,171.40176,26.65
171.60176,31.26,171.60176,40.58,,,,,171.60176,26.34
171.80176,31.26,171.80176,40.76,,,,,171.80176,26.52
172.00176,31.53,172.00176,40.54,,,,,172.00176,26.47
172.20176,31.44,172.20176,40.45,,,,,172.20176,26.47
172.40176,31.4,172.40176,40.45,,,,,172.40176,28.94
172.60176,33.11,172.60176,40.27,,,,,172.60176,26.25
172.80176,30.83,172.80176,40.14,,,,,172.80176,26.78
173.00176,31.26,173.00176,40.49,,,,,173.00176,26.47
173.20176,31.66,173.20176,40.41,,,,,173.20176,26.52
173.40176,31,173.40176,40.45,,,,,173.40176,26.21
173.60176,31.13,173.60176,40.36,,,,,173.60176,26.43
173.80176,30.91,173.80176,40.1,,,,,173.80176,26.3
174.00176,30.87,174.00176,40.23,,,,,174.00176,27.84
174.20176,30.69,174.20176,40.14,,,,,174.20176,26.3
174.40176,30.83,174.40176,40.05,,,,,174.40176,26.61
174.60176,31.18,174.60176,40.23,,,,,174.60176,26.3
174.80176,31.04,174.80176,40.01,,,,,174.80176,26.3
175.00176,31.44,175.00176,39.97,,,,,175.00176,26.61
175.20176,30.61,175.20176,40.14,,,,,175.20176,26.65
175.40176,30.56,175.40176,40.41,,,,,175.40176,27.09
175.60176,30.87,175.60176,39.97,,,,,175.60176,26.34
175.80176,30.91,175.80176,39.7,,,,,175.80176,26.52
176.00176,31.09,176.00176,39.75,,,,,176.00176,26.34
176.20176,30.65,176.20176,39.61,,,,,176.20176,26.65
176.40176,33.29,176.40176,39.92,,,,,176.40176,26.08
176.60176,31.13,176.60176,39.61,,,,,176.60176,26.56
176.80176,30.52,176.80176,39.61,,,,,176.80176,26.3
177.00176,30.87,177.00176,39.48,,,,,177.00176,27.79
177.20176,30.83,177.20176,39.83,,,,,177.20176,26.74
177.40176,31.4,177.40176,39.44,,,,,177.40176,26.34
177.60176,30.65,177.60176,39.44,,,,,177.60176,26.17
177.80176,30.56,177.80176,39.66,,,,,177.80176,26.25
178.00176,30.83,178.00176,39.48,,,,,178.00176,26.08
178.20176,31.09,178.20176,39.44,,,,,178.20176,28.63
178.40176,31,178.40176,39.39,,,,,178.40176,25.99
178.60176,30.43,178.60176,39.35,,,,,178.60176,26.21
178.80176,30.78,178.80176,39.26,,,,,178.80176,26.17
179.00176,31.09,179.00176,39.31,,,,,179.00176,25.9
179.20176,30.39,179.20176,39.22,,,,,179.20176,25.95
179.40176,30.96,179.40176,39.39,,,,,179.40176,26.17
179.60176,30.65,179.60176,39.44,,,,,179.60176,26.12
179.80176,30.87,179.80176,39.31,,,,,179.80176,26.17
180.00176,30.61,180.00176,39.35,,,,,180.00176,25.99
180.20176,30.74,180.20176,39.17,,,,,180.20176,26.39
180.40176,30.52,180.40176,39.09,,,,,180.40176,26.04
180.60176,30.39,180.60176,39.17,,,,,180.60176,25.77
180.80176,30.3,180.80176,39.09,,,,,180.80176,26.56
181.00176,30.21,181.00176,39.04,,,,,181.00176,26.12
181.20176,30.47,181.20176,38.91,,,,,181.20176,25.9
181.40176,30.56,181.40176,38.82,,,,,181.40176,26.96
181.60176,30.61,181.60176,38.91,,,,,181.60176,26.34
181.80176,30.56,181.80176,39.09,,,,,181.80176,25.95
182.00176,30.21,182.00176,38.87,,,,,182.00176,27.62
182.20176,30.91,182.20176,38.96,,,,,182.20176,26.34
182.40176,30.96,182.40176,39.13,,,,,182.40176,25.9
182.60176,30.34,182.60176,39,,,,,182.60176,26.21
182.80176,30.91,182.80176,38.96,,,,,182.80176,25.9
183.00176,30.56,183.00176,38.69,,,,,183.00176,25.99
183.20176,30.3,183.20176,38.82,,,,,183.20176,25.73
183.40176,30.47,183.40176,38.6,,,,,183.40176,25.86
183.60176,30.65,183.60176,38.52,,,,,183.60176,25.9
183.80176,30.78,183.80176,38.43,,,,,183.80176,26.21
184.00176,30.25,184.00176,38.47,,,,,184.00176,25.77
184.20176,30.56,184.20176,41.81,,,,,184.20176,27.05
184.40176,30.83,184.40176,38.65,,,,,184.40176,26.04
184.60176,30.43,184.60176,38.65,,,,,184.60176,26.08
184.80176,29.99,184.80176,38.65,,,,,184.80176,27.22
185.00176,30.56,185.00176,39,,,,,185.00176,25.64
185.20176,30.69,185.20176,39,,,,,185.20176,25.73
185.40176,30.17,185.40176,39.17,,,,,185.40176,25.95
185.60176,33.11,185.60176,39.09,,,,,185.60176,25.77
185.80176,30.52,185.80176,39.09,,,,,185.80176,26.74
186.00176,30.03,186.00176,39.04,,,,,186.00176,25.86
186.20176,30.69,186.20176,38.69,,,,,186.20176,25.55
186.40176,30.56,186.40176,38.87,,,,,186.40176,25.82
186.60176,31.57,186.60176,38.87,,,,,186.60176,26.12
186.80176,30.21,186.80176,39.09,,,,,186.80176,28.19
187.00176,30.47,187.00176,38.91,,,,,187.00176,25.86
187.20176,30.03,187.20176,38.6,,,,,187.20176,25.77
187.40176,30.08,187.40176,38.65,,,,,187.40176,25.73
187.60176,30.47,187.60176,38.6,,,,,187.60176,25.64
187.80176,30.08,187.80176,38.6,,,,,187.80176,25.51
188.00176,30.56,188.00176,38.82,,,,,188.00176,25.82
188.20176,30.91,188.20176,38.56,,,,,188.20176,25.86
188.40176,29.77,188.40176,38.56,,,,,188.40176,25.9
188.60176,29.86,188.60176,38.65,,,,,188.60176,25.73
188.80176,29.95,188.80176,38.65,,,,,188.80176,25.9
189.00176,29.81,189.00176,38.52,,,,,189.00176,26.52
189.20176,30.17,189.20176,38.47,,,,,189.20176,28.63
189.40176,29.9,189.40176,38.38,,,,,189.40176,28.19
189.60176,30.3,189.60176,38.65,,,,,189.60176,26.61
189.80176,29.77,189.80176,38.38,,,,,189.80176,26.65
190.00176,29.9,190.00176,38.52,,,,,190.00176,26.74
190.20176,30.47,190.20176,39.79,,,,,190.20176,26.83
190.40176,29.9,190.40176,38.16,,,,,190.40176,26.47
190.60176,29.9,190.60176,38.12,,,,,190.60176,26.61
190.80176,30.96,190.80176,37.99,,,,,190.80176,26.39
191.00176,29.99,191.00176,38.08,,,,,191.00176,26.69
191.20176,29.68,191.20176,38.43,,,,,191.20176,26.43
191.40176,29.51,191.40176,37.94,,,,,191.40176,26.52
191.60176,30.34,191.60176,38.16,,,,,191.60176,26.65
191.80176,30.21,191.80176,38.12,,,,,191.80176,26.47
192.00176,29.95,192.00176,37.81,,,,,192.00176,26.83
192.20176,29.99,192.20176,38.56,,,,,192.20176,26.61
192.40176,30.12,192.40176,38.56,,,,,192.40176,26.39
192.60176,29.81,192.60176,38.25,,,,,192.60176,28.1
192.80176,30.21,192.80176,38.87,,,,,192.80176,26.34
193.00176,29.73,193.00176,38.43,,,,,193.00176,26.87
193.20176,29.81,193.20176,38.34,,,,,193.20176,26.39
193.40176,29.77,193.40176,38.38,,,,,193.40176,26.61
193.60176,29.68,193.60176,38.43,,,,,193.60176,26.43
193.80176,29.73,193.80176,38.43,,,,,193.80176,26.74
194.00176,29.64,194.00176,38.25,,,,,194.00176,27.13
194.20176,30.03,194.20176,38.34,,,,,194.20176,26.43
194.40176,29.55,194.40176,38.08,,,,,194.40176,26.52
194.60176,29.95,194.60176,38.69,,,,,194.60176,26.25
194.80176,29.73,194.80176,38.12,,,,,194.80176,26.08
195.00176,29.42,195.00176,40.1,,,,,195.00176,26.47
195.20176,29.55,195.20176,37.99,,,,,195.20176,28.41
195.40176,29.77,195.40176,38.34,,,,,195.40176,26.78
195.60176,30.17,195.60176,37.86,,,,,195.60176,25.99
195.80176,29.51,195.80176,38.3,,,,,195.80176,27.84
196.00176,30.21,196.00176,37.94,,,,,196.00176,26.56
196.20176,29.81,196.20176,37.9,,,,,196.20176,26.12
196.40176,30.34,196.40176,37.9,,,,,196.40176,26.08
196.60176,29.73,196.60176,37.81,,,,,196.60176,25.86
196.80176,29.73,196.80176,37.86,,,,,196.80176,25.95
197.00176,30.43,197.00176,37.72,,,,,197.00176,25.9
197.20176,30.21,197.20176,38.12,,,,,197.20176,26.17
197.40176,29.9,197.40176,37.64,,,,,197.40176,26.04
197.60176,29.68,197.60176,37.86,,,,,197.60176,25.95
197.80176,30.03,197.80176,37.55,,,,,197.80176,26.04
198.00176,30.12,198.00176,37.86,,,,,198.00176,26.39
198.20176,29.59,198.20176,37.72,,,,,198.20176,26.25
198.40176,29.42,198.40176,37.55,,,,,198.40176,26.17
198.60176,29.29,198.60176,37.42,,,,,198.60176,26.08
198.80176,29.42,198.80176,37.46,,,,,198.80176,26.08
199.00176,29.55,199.00176,37.46,,,,,199.00176,26.12
199.20176,29.95,199.20176,37.64,,,,,199.20176,25.77
199.40176,29.2,199.40176,37.55,,,,,199.40176,25.82
199.60176,29.33,199.60176,37.59,,,,,199.60176,25.77
199.80176,30.25,199.80176,37.59,,,,,199.80176,26.25
200.00176,29.29,200.00176,37.46,,,,,200.00176,26.12
200.20176,29.55,200.20176,37.37,,,,,200.20176,25.9
200.40176,29.51,200.40176,37.2,,,,,200.40176,26.04
200.60176,29.2,200.60176,37.33,,,,,200.60176,25.9
200.80176,29.46,200.80176,37.42,,,,,200.80176,26.74
201.00176,29.55,201.00176,37.42,,,,,201.00176,25.77
201.20176,29.9,201.20176,37.24,,,,,201.20176,26.21
201.40176,29.59,201.40176,37.5,,,,,201.40176,25.86
201.60176,30.25,201.60176,37.29,,,,,201.60176,25.86
201.80176,29.99,201.80176,37.07,,,,,201.80176,26.17
202.00176,29.73,202.00176,37.24,,,,,202.00176,25.64
202.20176,29.64,202.20176,37.2,,,,,202.20176,25.95
202.40176,29.11,202.40176,37.24,,,,,202.40176,25.95
202.60176,29.38,202.60176,36.93,,,,,202.60176,25.64
202.80176,29.68,202.80176,37.2,,,,,202.80176,28.1
203.00176,28.98,203.00176,36.89,,,,,203.00176,25.68
203.20176,28.89,203.20176,37.59,,,,,203.20176,25.68
203.40176,29.81,203.40176,37.02,,,,,203.40176,25.73
203.60176,29.51,203.60176,36.85,,,,,203.60176,25.86
203.80176,28.85,203.80176,36.76,,,,,203.80176,25.42
204.00176,29.51,204.00176,36.98,,,,,204.00176,27.92
204.20176,28.8,204.20176,37.15,,,,,,
204.40176,29.16,204.40176,36.67,,,,,,
204.60176,29.51,204.60176,36.76,,,,,,
204.80176,29.33,204.80176,36.58,,,,,,
205.00176,29.2,205.00176,36.8,,,,,,
205.20176,31.57,205.20176,36.49,,,,,,
205.40176,28.72,205.40176,36.71,,,,,,
205.60176,29.2,205.60176,36.54,,,,,,
205.80176,28.85,205.80176,36.41,,,,,,
206.00176,28.89,206.00176,36.32,,,,,,
206.20176,28.89,206.20176,36.36,,,,,,
206.40176,29.51,206.40176,36.58,,,,,,
206.60176,30.17,206.60176,36.36,,,,,,
206.80176,29.42,206.80176,36.19,,,,,,
207.00176,29.42,207.00176,36.32,,,,,,
207.20176,29.46,207.20176,36.45,,,,,,
207.40176,28.85,207.40176,36.36,,,,,,
207.60176,29.33,207.60176,36.27,,,,,,
207.80176,28.8,207.80176,36.19,,,,,,
208.00176,29.16,208.00176,36.54,,,,,,
208.20176,31.4,208.20176,36.27,,,,,,
208.40176,29.24,208.40176,36.27,,,,,,
208.60176,28.67,208.60176,36.45,,,,,,
208.80176,28.72,208.80176,36.32,,,,,,
209.00176,28.72,209.00176,36.32,,,,,,
209.20176,29.02,209.20176,36.14,,,,,,
209.40176,28.98,209.40176,36.1,,,,,,
209.60176,28.89,209.60176,36.05,,,,,,
209.80176,28.58,209.80176,36.54,,,,,,
210.00176,28.76,210.00176,36.19,,,,,,
210.20176,28.45,210.20176,35.97,,,,,,
210.40176,28.76,210.40176,36.14,,,,,,
210.60176,29.16,210.60176,36.01,,,,,,
210.80176,28.94,210.80176,35.97,,,,,,
211.00176,28.72,211.00176,35.83,,,,,,
211.20176,28.8,211.20176,35.79,,,,,,
211.40176,28.98,211.40176,36.05,,,,,,
211.60176,29.55,211.60176,36.01,,,,,,
211.80176,28.36,211.80176,35.79,,,,,,
212.00176,28.32,212.00176,35.48,,,,,,
212.20176,28.67,212.20176,35.79,,,,,,
212.40176,30.21,212.40176,35.7,,,,,,
212.60176,28.76,212.60176,35.57,,,,,,
212.80176,28.54,212.80176,37.64,,,,,,
213.00176,28.54,213.00176,35.53,,,,,,
213.20176,28.72,213.20176,35.75,,,,,,
213.40176,28.45,213.40176,37.86,,,,,,
213.60176,29.07,213.60176,35.75,,,,,,
213.80176,29.02,213.80176,36.58,,,,,,
214.00176,31.57,214.00176,36.41,,,,,,
214.20176,28.85,214.20176,36.45,,,,,,
214.40176,28.76,214.40176,36.58,,,,,,
214.60176,29.68,214.60176,36.49,,,,,,
214.80176,31.57,214.80176,36.41,,,,,,
215.00176,29.46,215.00176,36.76,,,,,,
215.20176,29.46,215.20176,36.36,,,,,,
215.40176,29.42,215.40176,37.02,,,,,,
215.60176,29.16,215.60176,36.45,,,,,,
215.80176,31.18,215.80176,36.23,,,,,,
216.00176,29.2,216.00176,36.36,,,,,,
216.20176,28.8,216.20176,36.32,,,,,,
216.40176,29.33,216.40176,36.1,,,,,,
216.60176,29.24,216.60176,36.27,,,,,,
216.80176,29.07,216.80176,35.97,,,,,,
217.00176,29.55,217.00176,35.75,,,,,,
217.20176,29.11,217.20176,35.7,,,,,,
217.40176,28.89,217.40176,36.14,,,,,,
217.60176,29.11,217.60176,36.01,,,,,,
217.80176,29.55,217.80176,35.79,,,,,,
218.00176,29.02,218.00176,35.57,,,,,,
218.20176,29.29,218.20176,35.7,,,,,,
218.40176,29.24,218.40176,35.92,,,,,,
218.60176,29.33,218.60176,35.75,,,,,,
218.80176,28.85,218.80176,35.62,,,,,,
219.00176,29.2,219.00176,35.53,,,,,,
219.20176,29.07,219.20176,35.57,,,,,,
219.40176,29.2,219.40176,35.57,,,,,,
219.60176,29.11,219.60176,38.03,,,,,,
219.80176,28.76,219.80176,35.57,,,,,,
220.00176,29.16,220.00176,35.66,,,,,,
220.20176,28.85,220.20176,35.88,,,,,,
220.40176,28.85,220.40176,35.53,,,,,,
220.60176,29.24,220.60176,35.57,,,,,,
220.80176,29.16,220.80176,35.48,,,,,,
221.00176,31.22,221.00176,35.97,,,,,,
221.20176,28.94,221.20176,36.01,,,,,,
221.40176,28.72,221.40176,36.01,,,,,,
221.60176,29.33,221.60176,36.1,,,,,,
221.80176,29.16,221.80176,36.23,,,,,,
222.00176,30.47,222.00176,35.83,,,,,,
222.20176,28.89,222.20176,35.83,,,,,,
222.40176,28.67,222.40176,36.14,,,,,,
222.60176,28.85,222.60176,36.19,,,,,,
222.80176,28.89,222.80176,35.7,,,,,,
223.00176,29.38,223.00176,36.05,,,,,,
223.20176,29.59,223.20176,35.7,,,,,,
223.40176,29.38,223.40176,35.83,,,,,,
223.60176,28.85,223.60176,35.66,,,,,,
223.80176,28.76,223.80176,35.44,,,,,,
224.00176,29.29,224.00176,35.62,,,,,,
224.20176,28.67,224.20176,35.48,,,,,,
224.40176,29.33,224.40176,35.62,,,,,,
224.60176,28.45,224.60176,35.7,,,,,,
224.80176,28.89,224.80176,35.44,,,,,,
225.00176,29.02,225.00176,35.57,,,,,,
225.20176,29.11,225.20176,35.48,,,,,,
225.40176,28.63,225.40176,35.53,,,,,,
225.60176,28.98,225.60176,36.85,,,,,,
225.80176,28.63,225.80176,35.4,,,,,,
226.00176,28.8,226.00176,35.35,,,,,,
226.20176,30.91,226.20176,35.35,,,,,,
226.40176,28.5,226.40176,35.31,,,,,,
226.60176,28.85,226.60176,35.31,,,,,,
226.80176,28.54,226.80176,35.48,,,,,,
227.00176,29.59,227.00176,35.62,,,,,,
227.20176,28.76,227.20176,35.48,,,,,,
227.40176,28.94,227.40176,35.26,,,,,,
227.60176,28.72,227.60176,37.9,,,,,,
227.80176,28.67,227.80176,35.53,,,,,,
228.00176,28.28,228.00176,35.31,,,,,,
228.20176,28.41,228.20176,35.13,,,,,,
228.40176,28.5,228.40176,35.35,,,,,,
228.60176,28.72,228.60176,35.22,,,,,,
228.80176,28.5,228.80176,35.09,,,,,,
229.00176,28.63,229.00176,35.09,,,,,,
229.20176,28.94,229.20176,34.91,,,,,,
229.40176,28.36,229.40176,35.22,,,,,,
229.60176,28.89,229.60176,35.09,,,,,,
229.80176,28.45,229.80176,35.18,,,,,,
230.00176,28.45,230.00176,35.13,,,,,,
230.20176,28.36,230.20176,35.04,,,,,,
230.40176,28.8,230.40176,35.04,,,,,,
230.60176,28.72,,,,,,,,
230.80176,28.41,,,,,,,,
231.00176,28.63,,,,,,,,
231.20176,30.61,,,,,,,,
231.40176,28.45,,,,,,,,
231.60176,28.8,,,,,,,,
231.80176,28.28,,,,,,,,
232.00176,29.9,,,,,,,,
232.20176,28.76,,,,,,,,
232.40176,28.63,,,,,,,,
232.60176,28.23,,,,,,,,
232.80176,28.23,,,,,,,,
233.00176,28.76,,,,,,,,
233.20176,28.54,,,,,,,,
233.40176,28.72,,,,,,,,
233.60176,28.19,,,,,,,,
233.80176,28.32,,,,,,,,
234.00176,28.41,,,,,,,,
234.20176,29.02,,,,,,,,
234.40176,30.78,,,,,,,,
234.60176,28.54,,,,,,,,
234.80176,28.36,,,,,,,,
235.00176,28.14,,,,,,,,
235.20176,27.97,,,,,,,,
235.40176,28.54,,,,,,,,
235.60176,28.45,,,,,,,,
235.80176,28.32,,,,,,,,
236.00176,28.14,,,,,,,,
236.20176,28.36,,,,,,,,
236.40176,29.73,,,,,,,,
236.60176,28.1,,,,,,,,
236.80176,28.23,,,,,,,,
237.00176,28.1,,,,,,,,
237.20176,28.32,,,,,,,,
237.40176,27.92,,,,,,,,
237.60176,28.1,,,,,,,,
237.80176,27.97,,,,,,,,
238.00176,28.14,,,,,,,,
238.20176,29.24,,,,,,,,
238.40176,29.55,,,,,,,,
238.60176,28.1,,,,,,,,
238.80176,27.62,,,,,,,,
239.00176,28.14,,,,,,,,
239.20176,27.97,,,,,,,,
239.40176,28.01,,,,,,,,
239.60176,27.75,,,,,,,,
239.80176,27.97,,,,,,,,
240.00176,27.97,,,,,,,,
240.20176,28.19,,,,,,,,
240.40176,28.41,,,,,,,,
240.60176,27.75,,,,,,,,
240.80176,28.41,,,,,,,,
241.00176,27.79,,,,,,,,
241.20176,27.97,,,,,,,,
241.40176,28.76,,,,,,,,
241.60176,27.92,,,,,,,,
241.80176,27.97,,,,,,,,
242.00176,27.97,,,,,,,,
242.20176,27.66,,,,,,,,
242.40176,27.71,,,,,,,,
242.60176,27.84,,,,,,,,
242.80176,27.75,,,,,,,,
243.00176,27.88,,,,,,,,
243.20176,29.86,,,,,,,,
243.40176,28.58,,,,,,,,
243.60176,28.23,,,,,,,,
243.80176,28.8,,,,,,,,
244.00176,29.33,,,,,,,,
244.20176,28.76,,,,,,,,
244.40176,28.19,,,,,,,,
244.60176,31.04,,,,,,,,
244.80176,28.28,,,,,,,,
245.00176,29.95,,,,,,,,
245.20176,28.19,,,,,,,,
245.40176,29.11,,,,,,,,
245.60176,28.41,,,,,,,,
245.80176,28.32,,,,,,,,
246.00176,28.41,,,,,,,,
246.20176,28.54,,,,,,,,
246.40176,28.23,,,,,,,,
246.60176,28.28,,,,,,,,
246.80176,28.32,,,,,,,,
247.00176,29.46,,,,,,,,
247.20176,29.68,,,,,,,,
247.40176,28.32,,,,,,,,
247.60176,28.01,,,,,,,,
247.80176,29.07,,,,,,,,
248.00176,28.41,,,,,,,,
248.20176,27.97,,,,,,,,
248.40176,28.8,,,,,,,,
248.60176,29.07,,,,,,,,
248.80176,28.23,,,,,,,,
249.00176,27.84,,,,,,,,
249.20176,28.41,,,,,,,,
249.40176,28.5,,,,,,,,
249.60176,27.92,,,,,,,,
249.80176,28.63,,,,,,,,
250.00176,28.06,,,,,,,,
250.20176,28.06,,,,,,,,
250.40176,28.28,,,,,,,,
250.60176,28.36,,,,,,,,
250.80176,28.32,,,,,,,,
251.00176,28.1,,,,,,,,
251.20176,28.19,,,,,,,,
251.40176,31.79,,,,,,,,
251.60176,28.14,,,,,,,,
251.80176,28.14,,,,,,,,
252.00176,28.06,,,,,,,,
252.20176,27.75,,,,,,,,
252.40176,27.88,,,,,,,,
252.60176,27.88,,,,,,,,
252.80176,28.1,,,,,,,,
253.00176,28.14,,,,,,,,
253.20176,28.28,,,,,,,,
253.40176,27.79,,,,,,,,
253.60176,27.84,,,,,,,,
253.80176,30.74,,,,,,,,
254.00176,27.79,,,,,,,,
254.20176,28.32,,,,,,,,
254.40176,29.29,,,,,,,,
254.60176,27.88,,,,,,,,
254.80176,27.97,,,,,,,,
255.00176,28.06,,,,,,,,
255.20176,27.62,,,,,,,,
255.40176,28.01,,,,,,,,
255.60176,28.23,,,,,,,,
255.80176,28.19,,,,,,,,
256.00176,28.54,,,,,,,,
256.20176,28.01,,,,,,,,
256.40176,28.45,,,,,,,,
256.60176,30.96,,,,,,,,
256.80176,27.79,,,,,,,,
257.00176,27.79,,,,,,,,
257.20176,27.84,,,,,,,,
257.40176,28.19,,,,,,,,
257.60176,27.88,,,,,,,,
257.80176,27.75,,,,,,,,
258.00176,28.32,,,,,,,,
258.20176,27.62,,,,,,,,
258.40176,27.79,,,,,,,,
258.60176,27.66,,,,,,,,
258.80176,28.85,,,,,,,,
259.00176,27.88,,,,,,,,
259.20176,28.36,,,,,,,,
259.40176,27.66,,,,,,,,
259.60176,27.66,,,,,,,,
259.80176,27.62,,,,,,,,
260.00176,27.92,,,,,,,,
260.20176,27.57,,,,,,,,
260.40176,27.88,,,,,,,,
260.60176,27.57,,,,,,,,
260.80176,27.75,,,,,,,,
261.00176,27.62,,,,,,,,
261.20176,27.66,,,,,,,,
261.40176,27.75,,,,,,,,
261.60176,27.97,,,,,,,,
261.80176,27.79,,,,,,,,
262.00176,27.57,,,,,,,,
262.20176,27.66,,,,,,,,
262.40176,27.97,,,,,,,,
262.60176,27.92,,,,,,,,
262.80176,27.31,,,,,,,,
263.00176,27.66,,,,,,,,
263.20176,27.75,,,,,,,,
263.40176,27.66,,,,,,,,
263.60176,27.35,,,,,,,,
263.80176,27.79,,,,,,,,
264.00176,27.35,,,,,,,,
264.20176,27.71,,,,,,,,
264.40176,28.28,,,,,,,,
264.60176,27.57,,,,,,,,
264.80176,27.88,,,,,,,,
265.00176,27.4,,,,,,,,
265.20176,27.79,,,,,,,,
265.40176,28.19,,,,,,,,
265.60176,27.66,,,,,,,,
265.80176,29.46,,,,,,,,
266.00176,27.84,,,,,,,,
266.20176,27.75,,,,,,,,
266.40176,27.79,,,,,,,,
266.60176,27.62,,,,,,,,
266.80176,27.79,,,,,,,,
267.00176,27.71,,,,,,,,
267.20176,29.33,,,,,,,,
267.40176,27.4,,,,,,,,
267.60176,27.88,,,,,,,,
267.80176,27.57,,,,,,,,
268.00176,27.4,,,,,,,,
268.20176,27.53,,,,,,,,
268.40176,27.31,,,,,,,,
268.60176,27.53,,,,,,,,
268.80176,27.31,,,,,,,,
269.00176,28.63,,,,,,,,
269.20176,27.57,,,,,,,,
269.40176,27.62,,,,,,,,
269.60176,27.84,,,,,,,,
269.80176,27.4,,,,,,,,
270.00176,27.62,,,,,,,,
270.20176,27.62,,,,,,,,
270.40176,27.57,,,,,,,,
270.60176,27.53,,,,,,,,
270.80176,27.31,,,,,,,,
271.00176,27.35,,,,,,,,
271.20176,27.27,,,,,,,,
271.40176,27.53,,,,,,,,
271.60176,27.49,,,,,,,,
271.80176,27.22,,,,,,,,
272.00176,27.31,,,,,,,,
272.20176,26.83,,,,,,,,
272.40176,26.39,,,,,,,,
272.60176,26.47,,,,,,,,
272.80176,26.61,,,,,,,,
