P-4_normalized_wavelength_nm,P-4_normalized_abs_au,D-4_normalized_wavelength_nm,D-4_normalized_abs_au,P-4_raw_wavelength_nm,P-4_raw_abs_au,D-4_raw_wavelength_nm,D-4_raw_abs_au
699.98468,4.59E-04,699.98468,3.16E-04,699.98468,4.30E-04,699.98468,2.96E-04
699.01288,3.75E-04,699.01288,8.47E-05,699.01288,3.52E-04,699.01288,7.95E-05
698.00482,2.63E-04,698.00482,-2.23E-04,698.00482,2.47E-04,698.00482,-2.10E-04
696.9964,2.05E-04,696.9964,-2.94E-04,696.9964,1.92E-04,696.9964,-2.76E-04
695.98761,6.29E-04,695.98761,5.12E-04,695.98761,5.90E-04,695.98761,4.80E-04
695.01459,7.88E-04,695.01459,3.64E-04,695.01459,7.39E-04,695.01459,3.41E-04
694.00513,2.90E-04,694.00513,4.53E-04,694.00513,2.72E-04,694.00513,4.25E-04
692.99548,8.16E-04,692.99548,7.48E-05,692.99548,7.65E-04,692.99548,7.02E-05
691.98541,5.79E-04,691.98541,-2.31E-05,691.98541,5.43E-04,691.98541,-2.16E-05
691.01111,0.00143,691.01111,2.08E-04,691.01111,0.00134,691.01111,1.95E-04
690.00037,0.00103,690.00037,6.99E-04,690.00037,9.64E-04,690.00037,6.55E-04
688.98938,0.00105,688.98938,4.12E-04,688.98938,9.80E-04,688.98938,3.87E-04
688.01416,0.0011,688.01416,6.22E-04,688.01416,0.00103,688.01416,5.83E-04
687.00244,0.00145,687.00244,6.28E-04,687.00244,0.00136,687.00244,5.89E-04
685.99048,5.46E-04,685.99048,1.44E-05,685.99048,5.12E-04,685.99048,1.35E-05
685.01434,0.00125,685.01434,-7.87E-05,685.01434,0.00118,685.01434,-7.38E-05
684.00165,9.40E-04,684.00165,-1.79E-04,684.00165,8.82E-04,684.00165,-1.68E-04
682.98877,0.00117,682.98877,4.60E-04,682.98877,0.0011,682.98877,4.31E-04
682.01172,7.49E-04,682.01172,5.63E-06,682.01172,7.02E-04,682.01172,5.28E-06
680.99811,0.00113,680.99811,-3.29E-04,680.99811,0.00106,680.99811,-3.09E-04
679.98425,9.94E-04,679.98425,-1.27E-04,679.98425,9.32E-04,679.98425,-1.19E-04
679.00623,2.64E-04,679.00623,-6.20E-04,679.00623,2.48E-04,679.00623,-5.82E-04
677.9917,0.00107,677.9917,-2.71E-04,677.9917,0.00101,677.9917,-2.54E-04
677.01306,9.20E-04,677.01306,-5.36E-04,677.01306,8.63E-04,677.01306,-5.03E-04
675.99792,0.00116,675.99792,-4.96E-05,675.99792,0.00109,675.99792,-4.65E-05
674.98242,5.18E-04,674.98242,2.65E-04,674.98242,4.86E-04,674.98242,2.49E-04
674.00293,0.00101,674.00293,-3.48E-06,674.00293,9.43E-04,674.00293,-3.26E-06
672.98682,0.00122,672.98682,1.24E-04,672.98682,0.00114,672.98682,1.16E-04
672.00665,0.00102,672.00665,3.01E-04,672.00665,9.54E-04,672.00665,2.82E-04
670.98999,0.0014,670.98999,9.09E-04,670.98999,0.00131,670.98999,8.52E-04
670.00922,0.00129,670.00922,3.51E-04,670.00922,0.00121,670.00922,3.29E-04
668.99188,0.00131,668.99188,3.84E-04,668.99188,0.00123,668.99188,3.60E-04
668.01056,0.00166,668.01056,0.00108,668.01056,0.00155,668.01056,0.00102
666.99268,9.83E-04,666.99268,0.00132,666.99268,9.22E-04,666.99268,0.00124
666.01074,0.00187,666.01074,0.00149,666.01074,0.00175,666.01074,0.0014
664.99213,0.0014,664.99213,0.0015,664.99213,0.00132,664.99213,0.0014
664.00964,0.00146,664.00964,0.00102,664.00964,0.00137,664.00964,9.55E-04
662.99042,0.00123,662.99042,0.00156,662.99042,0.00115,662.99042,0.00147
662.00726,7.96E-04,662.00726,0.00113,662.00726,7.47E-04,662.00726,0.00106
660.98749,0.00145,660.98749,0.00164,660.98749,0.00136,660.98749,0.00154
660.00378,7.56E-04,660.00378,0.00151,660.00378,7.09E-04,660.00378,0.00142
658.9834,0.00159,658.9834,0.00154,658.9834,0.00149,658.9834,0.00144
657.99902,6.95E-04,657.99902,0.00161,657.99902,6.52E-04,657.99902,0.00151
657.01453,0.00127,657.01453,0.00204,657.01453,0.00119,657.01453,0.00191
655.99316,0.00142,655.99316,0.00197,655.99316,0.00133,655.99316,0.00185
655.008,0.00136,655.008,0.00226,655.008,0.00127,655.008,0.00212
653.98608,0.00145,653.98608,0.00236,653.98608,0.00136,653.98608,0.00221
653.00024,0.00148,653.00024,0.0024,653.00024,0.00139,653.00024,0.00225
652.01428,0.00141,652.01428,0.00213,652.01428,0.00132,652.01428,0.002
650.99146,0.00189,650.99146,0.00302,650.99146,0.00177,650.99146,0.00283
650.00482,0.00215,650.00482,0.00344,650.00482,0.00202,650.00482,0.00323
649.01794,0.00175,649.01794,0.00255,649.01794,0.00164,649.01794,0.00239
647.99414,0.00127,647.99414,0.00252,647.99414,0.00119,647.99414,0.00236
647.00665,0.00167,647.00665,0.00277,647.00665,0.00157,647.00665,0.0026
645.98236,9.99E-04,645.98236,0.00238,645.98236,9.37E-04,645.98236,0.00223
644.99426,0.0018,644.99426,0.00333,644.99426,0.00169,644.99426,0.00312
644.00592,0.00167,644.00592,0.00333,644.00592,0.00157,644.00592,0.00312
643.01733,0.001,643.01733,0.0029,643.01733,9.40E-04,643.01733,0.00272
641.99176,7.13E-04,641.99176,0.00311,641.99176,6.68E-04,641.99176,0.00291
641.00256,5.38E-04,641.00256,0.00281,641.00256,5.05E-04,641.00256,0.00263
640.01312,1.98E-04,640.01312,0.00261,640.01312,1.86E-04,640.01312,0.00244
638.98669,0.00101,638.98669,0.00307,638.98669,9.51E-04,638.98669,0.00288
637.99658,4.47E-04,637.99658,0.0027,637.99658,4.19E-04,637.99658,0.00253
637.00635,7.61E-05,637.00635,0.00273,637.00635,7.13E-05,637.00635,0.00256
636.01569,4.17E-04,636.01569,0.00255,636.01569,3.91E-04,636.01569,0.00239
634.98804,5.12E-04,634.98804,0.00275,634.98804,4.80E-04,634.98804,0.00258
633.99689,4.57E-04,633.99689,0.00298,633.99689,4.28E-04,633.99689,0.0028
633.00543,7.10E-04,633.00543,0.00305,633.00543,6.66E-04,633.00543,0.00286
632.01373,9.47E-04,632.01373,0.00329,632.01373,8.88E-04,632.01373,0.00309
630.98492,0.00104,630.98492,0.00309,630.98492,9.72E-04,630.98492,0.0029
629.99268,0.00107,629.99268,0.00318,629.99268,1.00E-03,629.99268,0.00298
629.00012,0.00119,629.00012,0.00312,629.00012,0.00111,629.00012,0.00293
628.00714,0.0012,628.00714,0.00322,628.00714,0.00113,628.00714,0.00302
627.0141,0.00158,627.0141,0.00366,627.0141,0.00149,627.0141,0.00343
625.98395,0.00127,625.98395,0.00303,625.98395,0.00119,625.98395,0.00284
624.99017,0.00122,624.99017,0.00276,624.99017,0.00114,624.99017,0.00259
623.99628,9.73E-04,623.99628,0.00213,623.99628,9.12E-04,623.99628,0.002
623.00201,2.50E-04,623.00201,0.00137,623.00201,2.34E-04,623.00201,0.00129
622.00751,2.89E-04,622.00751,0.0012,622.00751,2.71E-04,622.00751,0.00112
621.01263,-3.44E-05,621.01263,0.00123,621.01263,-3.23E-05,621.01263,0.00116
620.01758,-4.33E-04,620.01758,8.48E-04,620.01758,-4.06E-04,620.01758,7.95E-04
618.98547,-7.67E-05,618.98547,3.50E-04,618.98547,-7.19E-05,618.98547,3.28E-04
617.98981,-3.05E-04,617.98981,6.13E-04,617.98981,-2.86E-04,617.98981,5.75E-04
616.9939,-5.39E-04,616.9939,6.79E-04,616.9939,-5.06E-04,616.9939,6.37E-04
615.9978,3.17E-06,615.9978,5.75E-04,615.9978,2.98E-06,615.9978,5.39E-04
615.00134,3.68E-04,615.00134,0.00117,615.00134,3.45E-04,615.00134,0.0011
614.0047,2.53E-04,614.0047,0.00112,614.0047,2.38E-04,614.0047,0.00105
613.00769,9.88E-04,613.00769,0.00193,613.00769,9.27E-04,613.00769,0.00181
612.0105,0.00145,612.0105,0.00211,612.0105,0.00136,612.0105,0.00198
611.013,0.0013,611.013,0.00204,611.013,0.00122,611.013,0.00191
610.01526,0.00173,610.01526,0.00201,610.01526,0.00162,610.01526,0.00189
609.01715,0.00174,609.01715,0.00223,609.01715,0.00163,609.01715,0.0021
607.98187,0.0021,607.98187,0.00221,607.98187,0.00197,607.98187,0.00207
606.98334,0.00245,606.98334,0.00268,606.98334,0.0023,606.98334,0.00251
605.9845,0.00232,605.9845,0.00233,605.9845,0.00218,605.9845,0.00218
604.98529,0.00203,604.98529,0.00162,604.98529,0.0019,604.98529,0.00152
603.98596,0.00223,603.98596,0.00185,603.98596,0.0021,603.98596,0.00174
602.98633,0.00163,602.98633,0.00128,602.98633,0.00153,602.98633,0.0012
601.98639,0.00201,601.98639,8.43E-04,601.98639,0.00188,601.98639,7.90E-04
600.98621,0.00196,600.98621,6.91E-04,600.98621,0.00184,600.98621,6.48E-04
599.98584,0.00156,599.98584,-6.36E-05,599.98584,0.00147,599.98584,-5.97E-05
598.98511,0.00205,598.98511,3.77E-04,598.98511,0.00193,598.98511,3.53E-04
597.98413,0.00241,597.98413,7.26E-04,597.98413,0.00226,597.98413,6.81E-04
596.98291,0.00268,596.98291,5.55E-04,596.98291,0.00251,596.98291,5.20E-04
596.01855,0.00325,596.01855,0.00105,596.01855,0.00305,596.01855,9.81E-04
595.01678,0.00391,595.01678,9.25E-04,595.01678,0.00367,595.01678,8.68E-04
594.01477,0.00471,594.01477,0.00161,594.01477,0.00442,594.01477,0.00151
593.01245,0.00538,593.01245,0.00176,593.01245,0.00504,593.01245,0.00165
592.01001,0.00662,592.01001,0.00224,592.01001,0.00621,592.01001,0.0021
591.0072,0.00714,591.0072,0.00281,591.0072,0.00669,591.0072,0.00263
590.00415,0.00839,590.00415,0.00335,590.00415,0.00787,590.00415,0.00315
589.00085,0.00882,589.00085,0.00316,589.00085,0.00827,589.00085,0.00297
587.99731,0.00969,587.99731,0.00317,587.99731,0.00909,587.99731,0.00297
586.99347,0.00973,586.99347,0.00322,586.99347,0.00913,586.99347,0.00302
585.98938,0.01102,585.98938,0.00301,585.98938,0.01034,585.98938,0.00283
584.98511,0.01154,584.98511,0.00286,584.98511,0.01083,584.98511,0.00268
584.0177,0.01262,584.0177,0.00261,584.0177,0.01183,584.0177,0.00245
583.01288,0.01358,583.01288,0.00236,583.01288,0.01273,583.01288,0.00221
582.00775,0.01505,582.00775,0.00252,582.00775,0.01412,582.00775,0.00236
581.00244,0.01618,581.00244,0.00251,581.00244,0.01518,581.00244,0.00235
579.99683,0.01849,579.99683,0.0027,579.99683,0.01734,579.99683,0.00253
578.99097,0.0201,578.99097,0.00267,578.99097,0.01885,578.99097,0.0025
577.98486,0.02222,577.98486,0.00328,577.98486,0.02084,577.98486,0.00308
577.01575,0.02466,577.01575,0.00397,577.01575,0.02312,577.01575,0.00373
576.00916,0.02685,576.00916,0.00408,576.00916,0.02518,576.00916,0.00383
575.00232,0.02925,575.00232,0.00475,575.00232,0.02744,575.00232,0.00445
573.99512,0.03164,573.99512,0.00482,573.99512,0.02968,573.99512,0.00452
572.98779,0.03388,572.98779,0.00522,572.98779,0.03178,572.98779,0.0049
572.01752,0.03572,572.01752,0.0052,572.01752,0.0335,572.01752,0.00488
571.00964,0.03744,571.00964,0.00569,571.00964,0.03511,571.00964,0.00534
570.00146,0.03845,570.00146,0.00519,570.00146,0.03606,570.00146,0.00486
568.9931,0.03955,568.9931,0.00465,568.9931,0.03709,568.9931,0.00436
567.98456,0.0404,567.98456,0.00501,567.98456,0.03789,567.98456,0.00469
567.01306,0.04049,567.01306,0.00469,567.01306,0.03797,567.01306,0.0044
566.00397,0.04076,566.00397,0.0045,566.00397,0.03823,566.00397,0.00422
564.99463,0.04127,564.99463,0.00475,564.99463,0.03871,564.99463,0.00446
563.98499,0.04096,563.98499,0.00452,563.98499,0.03842,563.98499,0.00424
563.01257,0.04135,563.01257,0.00496,563.01257,0.03878,563.01257,0.00465
562.00244,0.04129,562.00244,0.00543,562.00244,0.03873,562.00244,0.00509
560.99219,0.04096,560.99219,0.00564,560.99219,0.03842,560.99219,0.00529
559.98151,0.04098,559.98151,0.00607,559.98151,0.03843,559.98151,0.00569
559.00818,0.04162,559.00818,0.00674,559.00818,0.03903,559.00818,0.00632
557.99713,0.04166,557.99713,0.00725,557.99713,0.03907,557.99713,0.0068
556.9859,0.0406,556.9859,0.007,556.9859,0.03808,556.9859,0.00656
556.01172,0.04063,556.01172,0.0073,556.01172,0.03811,556.01172,0.00685
554.99994,0.03977,554.99994,0.00679,554.99994,0.0373,554.99994,0.00637
553.98792,0.03917,553.98792,0.00691,553.98792,0.03673,553.98792,0.00648
553.01318,0.0389,553.01318,0.00687,553.01318,0.03648,553.01318,0.00644
552.00061,0.0377,552.00061,0.00647,552.00061,0.03536,552.00061,0.00607
550.98792,0.03715,550.98792,0.00628,550.98792,0.03484,550.98792,0.00589
550.01251,0.03616,550.01251,0.00596,550.01251,0.03391,550.01251,0.00559
548.99921,0.03545,548.99921,0.00557,548.99921,0.03325,548.99921,0.00523
547.98578,0.0351,547.98578,0.00591,547.98578,0.03292,547.98578,0.00555
547.00964,0.03478,547.00964,0.00596,547.00964,0.03262,547.00964,0.00559
545.99573,0.03462,545.99573,0.00616,545.99573,0.03247,545.99573,0.00578
544.98151,0.03452,544.98151,0.00689,544.98151,0.03238,544.98151,0.00646
544.0047,0.03467,544.0047,0.00752,544.0047,0.03252,544.0047,0.00705
542.98999,0.03481,542.98999,0.00834,542.98999,0.03265,542.98999,0.00782
542.01276,0.03491,542.01276,0.00891,542.01276,0.03274,542.01276,0.00835
540.99762,0.03485,540.99762,0.00906,540.99762,0.03268,540.99762,0.0085
539.9823,0.03441,539.9823,0.00916,539.9823,0.03227,539.9823,0.00859
539.00439,0.03403,539.00439,0.00924,539.00439,0.03192,539.00439,0.00867
537.98846,0.03336,537.98846,0.00917,537.98846,0.03129,537.98846,0.0086
537.01007,0.03292,537.01007,0.00881,537.01007,0.03087,537.01007,0.00827
535.99377,0.03236,535.99377,0.00822,535.99377,0.03035,535.99377,0.00771
535.01495,0.03205,535.01495,0.00838,535.01495,0.03006,535.01495,0.00786
533.99823,0.03165,533.99823,0.0083,533.99823,0.02968,533.99823,0.00779
532.98126,0.03164,532.98126,0.00826,532.98126,0.02967,532.98126,0.00775
532.00171,0.03156,532.00171,0.00852,532.00171,0.0296,532.00171,0.00799
530.98431,0.03175,530.98431,0.00896,530.98431,0.02977,530.98431,0.0084
530.00433,0.03173,530.00433,0.00935,530.00433,0.02976,530.00433,0.00877
528.98645,0.03214,528.98645,0.00999,528.98645,0.03014,528.98645,0.00937
528.00604,0.03267,528.00604,0.01057,528.00604,0.03064,528.00604,0.00991
526.98761,0.0326,526.98761,0.01076,526.98761,0.03057,526.98761,0.01009
526.00677,0.03249,526.00677,0.01104,526.00677,0.03047,526.00677,0.01035
524.98804,0.03273,524.98804,0.01143,524.98804,0.0307,524.98804,0.01072
524.00671,0.03239,524.00671,0.01137,524.00671,0.03037,524.00671,0.01066
522.98749,0.03186,522.98749,0.01131,522.98749,0.02988,522.98749,0.01061
522.0058,0.03155,522.0058,0.01171,522.0058,0.02959,522.0058,0.01098
520.98608,0.03097,520.98608,0.01132,520.98608,0.02904,520.98608,0.01062
520.00391,0.03049,520.00391,0.01125,520.00391,0.02859,520.00391,0.01055
518.98376,0.03034,518.98376,0.01121,518.98376,0.02846,518.98376,0.01052
518.00122,0.03007,518.00122,0.01127,518.00122,0.02821,518.00122,0.01057
517.01837,0.03025,517.01837,0.0117,517.01837,0.02837,517.01837,0.01097
515.99762,0.0304,515.99762,0.01182,515.99762,0.02851,515.99762,0.01109
515.01434,0.0306,515.01434,0.01257,515.01434,0.0287,515.01434,0.01178
513.99316,0.03065,513.99316,0.0126,513.99316,0.02874,513.99316,0.01182
513.00952,0.03042,513.00952,0.01301,513.00952,0.02853,513.00952,0.0122
511.98776,0.03061,511.98776,0.01298,511.98776,0.0287,511.98776,0.01218
511.00369,0.03002,511.00369,0.01306,511.00369,0.02816,511.00369,0.01225
509.98157,0.02969,509.98157,0.01278,509.98157,0.02784,509.98157,0.01199
508.99707,0.02918,508.99707,0.01252,508.99707,0.02737,508.99707,0.01174
508.01236,0.02871,508.01236,0.01254,508.01236,0.02692,508.01236,0.01176
506.98956,0.02839,506.98956,0.01261,506.98956,0.02663,506.98956,0.01182
506.00446,0.02824,506.00446,0.0129,506.00446,0.02649,506.00446,0.01209
504.98117,0.02841,504.98117,0.013,504.98117,0.02665,504.98117,0.01219
503.9957,0.0283,503.9957,0.01357,503.9957,0.02655,503.9957,0.01273
503.00998,0.02856,503.00998,0.0137,503.00998,0.02679,503.00998,0.01285
501.98605,0.02893,501.98605,0.01441,501.98605,0.02713,501.98605,0.01351
500.99988,0.0291,500.99988,0.01471,500.99988,0.02729,500.99988,0.01379
500.01349,0.02948,500.01349,0.01516,500.01349,0.02764,500.01349,0.01421
498.98898,0.02946,498.98898,0.01515,498.98898,0.02763,498.98898,0.01421
498.0022,0.02948,498.0022,0.01537,498.0022,0.02764,498.0022,0.01441
497.01517,0.02962,497.01517,0.01537,497.01517,0.02778,497.01517,0.01441
495.99005,0.02938,495.99005,0.01518,495.99005,0.02755,495.99005,0.01424
495.00269,0.02916,495.00269,0.01482,495.00269,0.02734,495.00269,0.0139
494.01508,0.02909,494.01508,0.01504,494.01508,0.02728,494.01508,0.0141
492.98926,0.02911,492.98926,0.01521,492.98926,0.0273,492.98926,0.01427
492.00128,0.0294,492.00128,0.01566,492.00128,0.02757,492.00128,0.01468
491.01297,0.02971,491.01297,0.0159,491.01297,0.02787,491.01297,0.01492
489.98663,0.03029,489.98663,0.01676,489.98663,0.02841,489.98663,0.01571
488.99796,0.03074,488.99796,0.01749,488.99796,0.02883,488.99796,0.01641
488.00916,0.03117,488.00916,0.01791,488.00916,0.02924,488.00916,0.01679
486.98212,0.03148,486.98212,0.01827,486.98212,0.02953,486.98212,0.01714
485.99286,0.03167,485.99286,0.01884,485.99286,0.0297,485.99286,0.01767
485.00348,0.03211,485.00348,0.01922,485.00348,0.03012,485.00348,0.01802
484.01389,0.03205,484.01389,0.01884,484.01389,0.03005,484.01389,0.01767
482.98593,0.03188,482.98593,0.01855,482.98593,0.0299,482.98593,0.0174
481.99591,0.0322,481.99591,0.01901,481.99591,0.0302,481.99591,0.01783
481.00574,0.0326,481.00574,0.01921,481.00574,0.03057,481.00574,0.01802
480.01526,0.03274,480.01526,0.01955,480.01526,0.03071,480.01526,0.01833
478.9866,0.03328,478.9866,0.0199,478.9866,0.03122,478.9866,0.01866
477.99579,0.03368,477.99579,0.02047,477.99579,0.03159,477.99579,0.01919
477.00479,0.03394,477.00479,0.02095,477.00479,0.03183,477.00479,0.01965
476.01361,0.03465,476.01361,0.02154,476.01361,0.0325,476.01361,0.0202
474.98407,0.03489,474.98407,0.02206,474.98407,0.03272,474.98407,0.02069
473.99249,0.03485,473.99249,0.02222,473.99249,0.03269,473.99249,0.02084
473.00073,0.03515,473.00073,0.02254,473.00073,0.03297,473.00073,0.02114
472.00876,0.03523,472.00876,0.02283,472.00876,0.03305,472.00876,0.02142
471.01654,0.03498,471.01654,0.02308,471.01654,0.03281,471.01654,0.02164
469.98605,0.03504,469.98605,0.02337,469.98605,0.03287,469.98605,0.02192
468.99344,0.03509,468.99344,0.02356,468.99344,0.03291,468.99344,0.0221
468.0007,0.03508,468.0007,0.02384,468.0007,0.0329,468.0007,0.02236
467.00778,0.03507,467.00778,0.0241,467.00778,0.03289,467.00778,0.02261
466.01465,0.03525,466.01465,0.02464,466.01465,0.03306,466.01465,0.0231
464.98312,0.03553,464.98312,0.02487,464.98312,0.03332,464.98312,0.02333
463.98959,0.03517,463.98959,0.02527,463.98959,0.03298,463.98959,0.0237
462.99585,0.03496,462.99585,0.0256,462.99585,0.03279,462.99585,0.02401
462.00198,0.03484,462.00198,0.02618,462.00198,0.03267,462.00198,0.02455
461.0079,0.03443,461.0079,0.02635,461.0079,0.03229,461.0079,0.02471
460.01367,0.03414,460.01367,0.02648,460.01367,0.03202,460.01367,0.02483
458.98093,0.03372,458.98093,0.02671,458.98093,0.03162,458.98093,0.02505
457.9863,0.03373,457.9863,0.02734,457.9863,0.03164,457.9863,0.02564
456.99149,0.03373,456.99149,0.02808,456.99149,0.03164,456.99149,0.02633
455.9964,0.03357,455.9964,0.02877,455.9964,0.03148,455.9964,0.02698
455.00125,0.03358,455.00125,0.02946,455.00125,0.0315,455.00125,0.02763
454.00586,0.03352,454.00586,0.03019,454.00586,0.03144,454.00586,0.02832
453.01025,0.03344,453.01025,0.03067,453.01025,0.03136,453.01025,0.02876
452.0145,0.0334,452.0145,0.03119,452.0145,0.03133,452.0145,0.02925
451.01855,0.03336,451.01855,0.03178,451.01855,0.03128,451.01855,0.02981
449.98404,0.03318,449.98404,0.03228,449.98404,0.03112,449.98404,0.03027
448.98773,0.03312,448.98773,0.03302,448.98773,0.03107,448.98773,0.03097
447.99124,0.03324,447.99124,0.03377,447.99124,0.03117,447.99124,0.03167
446.9946,0.03348,446.9946,0.03468,446.9946,0.0314,446.9946,0.03253
445.99768,0.03364,445.99768,0.03568,445.99768,0.03155,445.99768,0.03346
445.00064,0.03382,445.00064,0.03675,445.00064,0.03172,445.00064,0.03447
444.00339,0.03416,444.00339,0.03796,444.00339,0.03204,444.00339,0.0356
443.00601,0.03432,443.00601,0.03928,443.00601,0.03219,443.00601,0.03684
442.00836,0.03484,442.00836,0.04035,442.00836,0.03268,442.00836,0.03784
441.01065,0.0351,441.01065,0.04149,441.01065,0.03292,441.01065,0.03891
440.01266,0.0351,440.01266,0.04242,440.01266,0.03292,440.01266,0.03978
439.01453,0.03556,439.01453,0.04363,439.01453,0.03335,439.01453,0.04091
438.0162,0.03609,438.0162,0.0447,438.0162,0.03384,438.0162,0.04193
437.01776,0.0363,437.01776,0.04597,437.01776,0.03405,437.01776,0.04311
436.0191,0.03685,436.0191,0.04714,436.0191,0.03456,436.0191,0.04421
434.98181,0.03739,434.98181,0.04849,434.98181,0.03506,434.98181,0.04548
433.98279,0.0378,433.98279,0.04989,433.98279,0.03545,433.98279,0.04679
432.98355,0.03823,432.98355,0.05142,432.98355,0.03586,432.98355,0.04822
431.98422,0.03838,431.98422,0.05246,431.98422,0.03599,431.98422,0.0492
430.98462,0.03859,430.98462,0.05384,430.98462,0.03619,430.98462,0.05049
429.98489,0.03902,429.98489,0.05532,429.98489,0.03659,429.98489,0.05188
428.98499,0.03945,428.98499,0.0572,428.98499,0.037,428.98499,0.05365
427.98495,0.03978,427.98495,0.0587,427.98495,0.0373,427.98495,0.05505
426.98465,0.04014,426.98465,0.0599,426.98465,0.03764,426.98465,0.05618
425.98422,0.0401,425.98422,0.06077,425.98422,0.03761,425.98422,0.057
424.98361,0.04039,424.98361,0.06207,424.98361,0.03788,424.98361,0.05821
423.98285,0.04036,423.98285,0.0632,423.98285,0.03785,423.98285,0.05927
422.98187,0.04042,422.98187,0.06442,422.98187,0.03791,422.98187,0.06041
421.9808,0.04044,421.9808,0.06551,421.9808,0.03793,421.9808,0.06144
421.01801,0.0403,421.01801,0.06649,421.01801,0.03779,421.01801,0.06236
420.01654,0.04047,420.01654,0.0682,420.01654,0.03796,420.01654,0.06396
419.01492,0.04068,419.01492,0.06974,419.01492,0.03816,419.01492,0.0654
418.01315,0.04087,418.01315,0.07127,418.01315,0.03833,418.01315,0.06684
417.01114,0.04124,417.01114,0.07274,417.01114,0.03868,417.01114,0.06822
416.00903,0.04125,416.00903,0.07373,416.00903,0.03868,416.00903,0.06915
415.00674,0.04159,415.00674,0.07527,415.00674,0.039,415.00674,0.0706
414.00421,0.04173,414.00421,0.07645,414.00421,0.03914,414.00421,0.0717
413.00159,0.04196,413.00159,0.07805,413.00159,0.03935,413.00159,0.0732
411.99875,0.04222,411.99875,0.07919,411.99875,0.0396,411.99875,0.07427
410.99579,0.04283,410.99579,0.08074,410.99579,0.04017,410.99579,0.07573
409.99265,0.04343,409.99265,0.08273,409.99265,0.04073,409.99265,0.07759
408.98935,0.04426,408.98935,0.08489,408.98935,0.04151,408.98935,0.07962
407.98581,0.04479,407.98581,0.08698,407.98581,0.04201,407.98581,0.08158
406.98218,0.04528,406.98218,0.08856,406.98218,0.04246,406.98218,0.08306
406.017,0.04575,406.017,0.09031,406.017,0.04291,406.017,0.0847
405.013,0.04635,405.013,0.09211,405.013,0.04347,405.013,0.08639
404.00888,0.04709,404.00888,0.09412,404.00888,0.04417,404.00888,0.08828
403.00461,0.04783,403.00461,0.09624,403.00461,0.04486,403.00461,0.09026
402.00009,0.04871,402.00009,0.09849,402.00009,0.04569,402.00009,0.09237
400.99545,0.04954,400.99545,0.10038,400.99545,0.04646,400.99545,0.09414
399.99066,0.05003,399.99066,0.10247,399.99066,0.04693,399.99066,0.0961
398.98572,0.05061,398.98572,0.1046,398.98572,0.04746,398.98572,0.0981
398.01929,0.05088,398.01929,0.10644,398.01929,0.04772,398.01929,0.09983
397.01401,0.05151,397.01401,0.10882,397.01401,0.04831,397.01401,0.10206
396.00858,0.05215,396.00858,0.11085,396.00858,0.04891,396.00858,0.10397
395.00296,0.05286,395.00296,0.11309,395.00296,0.04957,395.00296,0.10606
393.99719,0.05366,393.99719,0.1157,393.99719,0.05033,393.99719,0.10851
392.9913,0.05448,392.9913,0.11771,392.9913,0.05109,392.9913,0.1104
391.9852,0.05519,391.9852,0.11962,391.9852,0.05176,391.9852,0.11219
391.01767,0.05547,391.01767,0.12147,391.01767,0.05202,391.01767,0.11392
390.01126,0.05584,390.01126,0.123,390.01126,0.05237,390.01126,0.11536
389.00473,0.05616,389.00473,0.12462,389.00473,0.05267,389.00473,0.11688
387.99802,0.05638,387.99802,0.12668,387.99802,0.05287,387.99802,0.11881
386.99112,0.05746,386.99112,0.1289,386.99112,0.05389,386.99112,0.12089
385.98413,0.05782,385.98413,0.13108,385.98413,0.05423,385.98413,0.12294
385.01569,0.05876,385.01569,0.13362,385.01569,0.05511,385.01569,0.12532
384.00836,0.05897,384.00836,0.13566,384.00836,0.05531,384.00836,0.12723
383.00082,0.05914,383.00082,0.13737,383.00082,0.05546,383.00082,0.12883
381.99323,0.05973,381.99323,0.13906,381.99323,0.05601,381.99323,0.13042
380.98541,0.05938,380.98541,0.13997,380.98541,0.05569,380.98541,0.13127
380.0162,0.05991,380.0162,0.14173,380.0162,0.05619,380.0162,0.13293
379.00812,0.06058,379.00812,0.1433,379.00812,0.05682,379.00812,0.1344
377.99988,0.06132,377.99988,0.14516,377.99988,0.05751,377.99988,0.13614
376.99146,0.06185,376.99146,0.14736,376.99146,0.05801,376.99146,0.1382
375.98288,0.06258,375.98288,0.14873,375.98288,0.05869,375.98288,0.13949
375.01297,0.0633,375.01297,0.14993,375.01297,0.05936,375.01297,0.14061
374.00409,0.06375,374.00409,0.15128,374.00409,0.05979,374.00409,0.14188
372.99509,0.06472,372.99509,0.1525,372.99509,0.0607,372.99509,0.14302
371.9859,0.06612,371.9859,0.15343,371.9859,0.06201,371.9859,0.1439
371.01541,0.06773,371.01541,0.15485,371.01541,0.06352,371.01541,0.14523
370.00598,0.06899,370.00598,0.15649,370.00598,0.0647,370.00598,0.14676
368.99634,0.06991,368.99634,0.15709,368.99634,0.06557,368.99634,0.14732
367.9866,0.07109,367.9866,0.15799,367.9866,0.06667,367.9866,0.14817
367.0155,0.07205,367.0155,0.15919,367.0155,0.06757,367.0155,0.1493
366.00543,0.07333,366.00543,0.16005,366.00543,0.06877,366.00543,0.1501
364.99524,0.07472,364.99524,0.161,364.99524,0.07008,364.99524,0.151
363.98486,0.07623,363.98486,0.16214,363.98486,0.0715,363.98486,0.15206
363.01324,0.07725,363.01324,0.16254,363.01324,0.07245,363.01324,0.15244
362.00256,0.07828,362.00256,0.16277,362.00256,0.07341,362.00256,0.15265
360.99179,0.07902,360.99179,0.16365,360.99179,0.07411,360.99179,0.15348
359.98087,0.0801,359.98087,0.16381,359.98087,0.07512,359.98087,0.15363
359.00864,0.08124,359.00864,0.16439,359.00864,0.07619,359.00864,0.15418
357.99744,0.08283,357.99744,0.16478,357.99744,0.07768,357.99744,0.15454
356.98605,0.08427,356.98605,0.16682,356.98605,0.07903,356.98605,0.15646
356.01343,0.08582,356.01343,0.16683,356.01343,0.08048,356.01343,0.15646
355.00177,0.08738,355.00177,0.16719,355.00177,0.08195,355.00177,0.1568
353.98999,0.08919,353.98999,0.16695,353.98999,0.08365,353.98999,0.15657
353.01694,0.09085,353.01694,0.16747,353.01694,0.08521,353.01694,0.15707
352.00488,0.09387,352.00488,0.16778,352.00488,0.08803,352.00488,0.15735
350.99265,0.09744,350.99265,0.16832,350.99265,0.09138,350.99265,0.15786
350.0192,0.10167,350.0192,0.17002,350.0192,0.09535,350.0192,0.15945
349.00668,0.10676,349.00668,0.1708,349.00668,0.10013,349.00668,0.16019
347.99405,0.11283,347.99405,0.1712,347.99405,0.10582,347.99405,0.16056
346.98126,0.12128,346.98126,0.1716,346.98126,0.11375,346.98126,0.16094
346.00726,0.13222,346.00726,0.17232,346.00726,0.124,346.00726,0.16161
344.9942,0.14696,344.9942,0.17302,344.9942,0.13782,344.9942,0.16227
343.98099,0.16652,343.98099,0.17442,343.98099,0.15617,343.98099,0.16358
343.00662,0.18823,343.00662,0.17548,343.00662,0.17653,343.00662,0.16458
341.99313,0.2194,341.99313,0.17667,341.99313,0.20577,341.99313,0.16569
341.01852,0.26162,341.01852,0.17826,341.01852,0.24536,341.01852,0.16718
340.00473,0.32146,340.00473,0.18025,340.00473,0.30148,340.00473,0.16905
338.99088,0.39203,338.99088,0.18188,338.99088,0.36767,338.99088,0.17058
338.01584,0.45921,338.01584,0.18412,338.01584,0.43067,338.01584,0.17268
337.00165,0.54914,337.00165,0.1868,337.00165,0.51502,337.00165,0.17519
335.9873,0.65827,335.9873,0.18993,335.9873,0.61736,335.9873,0.17813
335.0119,0.75016,335.0119,0.19401,335.0119,0.70354,335.0119,0.18196
333.99735,0.84021,333.99735,0.19891,333.99735,0.788,333.99735,0.18655
332.98264,0.88913,332.98264,0.20363,332.98264,0.83388,332.98264,0.19098
332.00681,0.92446,332.00681,0.2091,332.00681,0.86701,332.00681,0.1961
330.99185,0.94892,330.99185,0.21462,330.99185,0.88995,330.99185,0.20129
330.01581,0.96055,330.01581,0.22106,330.01581,0.90086,330.01581,0.20732
329.00055,0.96537,329.00055,0.22778,329.00055,0.90538,329.00055,0.21363
327.9852,0.96726,327.9852,0.23463,327.9852,0.90715,327.9852,0.22005
327.00873,0.96998,327.00873,0.24063,327.00873,0.90971,327.00873,0.22568
325.9931,0.96697,325.9931,0.24748,325.9931,0.90689,325.9931,0.2321
325.01642,0.96983,325.01642,0.25415,325.01642,0.90957,325.01642,0.23836
324.00055,0.96848,324.00055,0.25937,324.00055,0.9083,324.00055,0.24326
322.98453,0.96734,322.98453,0.26469,322.98453,0.90723,322.98453,0.24824
322.00745,0.97145,322.00745,0.26938,322.00745,0.91109,322.00745,0.25264
320.99115,0.97515,320.99115,0.27492,320.99115,0.91456,320.99115,0.25784
320.01382,0.97908,320.01382,0.27969,320.01382,0.91824,320.01382,0.26231
318.99731,0.97882,318.99731,0.28435,318.99731,0.91799,318.99731,0.26668
317.98062,0.98245,317.98062,0.28845,317.98062,0.9214,317.98062,0.27052
317.00296,0.98533,317.00296,0.29144,317.00296,0.92411,317.00296,0.27333
315.98602,0.99018,315.98602,0.2941,315.98602,0.92865,315.98602,0.27583
315.00812,0.98962,315.00812,0.29625,315.00812,0.92812,315.00812,0.27784
313.99094,0.98883,313.99094,0.30052,313.99094,0.92738,313.99094,0.28184
313.01273,0.99233,313.01273,0.30237,313.01273,0.93066,313.01273,0.28358
311.99533,0.99203,311.99533,0.30396,311.99533,0.93038,311.99533,0.28507
311.01694,0.99008,311.01694,0.30573,311.01694,0.92856,311.01694,0.28673
309.99924,0.98887,309.99924,0.30663,309.99924,0.92742,309.99924,0.28758
308.98148,0.98612,308.98148,0.30748,308.98148,0.92484,308.98148,0.28837
308.00269,0.98346,308.00269,0.30913,308.00269,0.92235,308.00269,0.28992
306.98465,0.98239,306.98465,0.31018,306.98465,0.92134,306.98465,0.2909
306.00565,0.97982,306.00565,0.31062,306.00565,0.91893,306.00565,0.29132
304.98734,0.97883,304.98734,0.31133,304.98734,0.91801,304.98734,0.29198
304.00809,0.97801,304.00809,0.31118,304.00809,0.91724,304.00809,0.29184
302.98956,0.97834,302.98956,0.31148,302.98956,0.91755,302.98956,0.29212
302.0101,0.9776,302.0101,0.31085,302.0101,0.91685,302.0101,0.29153
300.99133,0.97582,300.99133,0.31123,300.99133,0.91518,300.99133,0.29189
300.0116,0.97712,300.0116,0.31056,300.0116,0.9164,300.0116,0.29126
298.99261,0.978,298.99261,0.31016,298.99261,0.91722,298.99261,0.29089
298.0127,0.98092,298.0127,0.30962,298.0127,0.91996,298.0127,0.29038
296.99341,0.97935,296.99341,0.30796,296.99341,0.9185,296.99341,0.28882
296.01324,0.97789,296.01324,0.30795,296.01324,0.91712,296.01324,0.28881
294.99377,0.9802,294.99377,0.30714,294.99377,0.91929,294.99377,0.28805
294.01337,0.97917,294.01337,0.3083,294.01337,0.91832,294.01337,0.28914
292.99365,0.97877,292.99365,0.30864,292.99365,0.91795,292.99365,0.28946
292.01303,0.97808,292.01303,0.30768,292.01303,0.9173,292.01303,0.28856
290.99307,0.97562,290.99307,0.30844,290.99307,0.91499,290.99307,0.28927
290.01227,0.97101,290.01227,0.31164,290.01227,0.91068,290.01227,0.29228
288.99207,0.96982,288.99207,0.31406,288.99207,0.90955,288.99207,0.29455
288.01099,0.96844,288.01099,0.31647,288.01099,0.90826,288.01099,0.2968
286.99054,0.96616,286.99054,0.31791,286.99054,0.90613,286.99054,0.29816
286.00928,0.96229,286.00928,0.3224,286.00928,0.9025,286.00928,0.30237
284.98865,0.96174,284.98865,0.32708,284.98865,0.90197,284.98865,0.30675
284.00714,0.95864,284.00714,0.33166,284.00714,0.89907,284.00714,0.31105
282.98627,0.9601,282.98627,0.33546,282.98627,0.90044,282.98627,0.31462
282.00452,0.95731,282.00452,0.34041,282.00452,0.89782,282.00452,0.31925
280.98346,0.95508,280.98346,0.34692,280.98346,0.89573,280.98346,0.32537
280.0015,0.95384,280.0015,0.35324,280.0015,0.89457,280.0015,0.33129
279.01947,0.95174,279.01947,0.36001,279.01947,0.8926,279.01947,0.33764
277.99802,0.95007,277.99802,0.36769,277.99802,0.89104,277.99802,0.34484
277.01578,0.94745,277.01578,0.37638,277.01578,0.88858,277.01578,0.35299
275.99414,0.94206,275.99414,0.38541,275.99414,0.88352,275.99414,0.36146
275.01169,0.93674,275.01169,0.39431,275.01169,0.87853,275.01169,0.3698
273.98978,0.93317,273.98978,0.40395,273.98978,0.87518,273.98978,0.37885
273.00708,0.92766,273.00708,0.41334,273.00708,0.87002,273.00708,0.38766
271.98502,0.92238,271.98502,0.42249,271.98502,0.86507,271.98502,0.39624
271.00214,0.91014,271.00214,0.42986,271.00214,0.85359,271.00214,0.40315
270.01913,0.90505,270.01913,0.43924,270.01913,0.84881,270.01913,0.41195
268.9967,0.9015,268.9967,0.44643,268.9967,0.84548,268.9967,0.41869
268.01352,0.89625,268.01352,0.45303,268.01352,0.84056,268.01352,0.42488
266.99088,0.89107,266.99088,0.45797,266.99088,0.8357,266.99088,0.42951
266.00745,0.88347,266.00745,0.46442,266.00745,0.82857,266.00745,0.43556
264.98465,0.87923,264.98465,0.46909,264.98465,0.82459,264.98465,0.43994
264.00104,0.87328,264.00104,0.47179,264.00104,0.81901,264.00104,0.44247
263.01733,0.86589,263.01733,0.47452,263.01733,0.81209,263.01733,0.44503
261.99414,0.85761,261.99414,0.47849,261.99414,0.80432,261.99414,0.44876
261.01028,0.85008,261.01028,0.47927,261.01028,0.79726,261.01028,0.44949
259.98691,0.83704,259.98691,0.48291,259.98691,0.78502,259.98691,0.4529
259.00278,0.82555,259.00278,0.48963,259.00278,0.77425,259.00278,0.45921
258.01859,0.81613,258.01859,0.49166,258.01859,0.76542,258.01859,0.46111
256.9949,0.80436,256.9949,0.49446,256.9949,0.75437,256.9949,0.46373
256.0105,0.79464,256.0105,0.49737,256.0105,0.74526,256.0105,0.46646
254.98663,0.7857,254.98663,0.50059,254.98663,0.73687,254.98663,0.46949
254.00204,0.77671,254.00204,0.50253,254.00204,0.72844,254.00204,0.4713
253.01735,0.768,253.01735,0.50431,253.01735,0.72028,253.01735,0.47297
251.99315,0.75815,251.99315,0.50757,251.99315,0.71104,251.99315,0.47603
251.00829,0.74998,251.00829,0.51253,251.00829,0.70338,251.00829,0.48068
249.98392,0.74421,249.98392,0.51308,249.98392,0.69797,249.98392,0.4812
248.99881,0.73897,248.99881,0.51306,248.99881,0.69305,248.99881,0.48117
248.01367,0.73367,248.01367,0.51558,248.01367,0.68808,248.01367,0.48354
246.98897,0.72983,246.98897,0.51672,246.98897,0.68448,246.98897,0.48461
246.0036,0.72501,246.0036,0.52278,246.0036,0.67996,246.0036,0.49029
245.01814,0.72721,245.01814,0.52525,245.01814,0.68203,245.01814,0.49262
243.99318,0.73747,243.99318,0.52533,243.99318,0.69165,243.99318,0.49268
243.00751,0.75347,243.00751,0.52512,243.00751,0.70665,243.00751,0.49249
241.98238,0.76595,241.98238,0.52956,241.98238,0.71836,241.98238,0.49665
240.99655,0.78821,240.99655,0.53394,240.99655,0.73923,240.99655,0.50076
240.01062,0.82298,240.01062,0.53587,240.01062,0.77184,240.01062,0.50257
238.98515,0.86093,238.98515,0.53657,238.98515,0.80744,238.98515,0.50323
237.99907,0.89819,237.99907,0.53768,237.99907,0.84238,237.99907,0.50427
237.01286,0.93269,237.01286,0.54084,237.01286,0.87473,237.01286,0.50724
235.98712,0.95239,235.98712,0.54176,235.98712,0.89321,235.98712,0.50809
235.00078,0.96471,235.00078,0.54379,235.00078,0.90476,235.00078,0.51
234.01431,0.97048,234.01431,0.54574,234.01431,0.91017,234.01431,0.51183
232.98828,0.97075,232.98828,0.55029,232.98828,0.91042,232.98828,0.51609
232.00163,0.97868,232.00163,0.54992,232.00163,0.91786,232.00163,0.51575
231.01491,0.97942,231.01491,0.55315,231.01491,0.91856,231.01491,0.51878
229.9886,0.98624,229.9886,0.557,229.9886,0.92495,229.9886,0.52239
229.00172,0.98557,229.00172,0.55952,229.00172,0.92433,229.00172,0.52475
228.01472,0.98282,228.01472,0.57001,228.01472,0.92175,228.01472,0.53459
226.98814,0.98759,226.98814,0.57292,226.98814,0.92622,226.98814,0.53732
226.00099,0.99088,226.00099,0.57445,226.00099,0.9293,226.00099,0.53875
225.01372,0.9906,225.01372,0.57806,225.01372,0.92905,225.01372,0.54214
223.98689,0.99061,223.98689,0.57939,223.98689,0.92905,223.98689,0.54339
222.99948,0.98876,222.99948,0.58476,222.99948,0.92732,222.99948,0.54842
222.01196,0.98751,222.01196,0.5847,222.01196,0.92615,222.01196,0.54837
220.98485,0.98597,220.98485,0.58872,220.98485,0.9247,220.98485,0.55214
219.99719,0.98923,219.99719,0.59102,219.99719,0.92776,219.99719,0.55429
219.00941,0.99193,219.00941,0.59289,219.00941,0.93029,219.00941,0.55605
217.98209,0.99637,217.98209,0.59698,217.98209,0.93445,217.98209,0.55989
216.99414,0.99809,216.99414,0.59953,216.99414,0.93607,216.99414,0.56228
216.00613,1,216.00613,0.60263,216.00613,0.93786,216.00613,0.56518
215.01802,0.99821,215.01802,0.60727,215.01802,0.93618,215.01802,0.56953
213.99034,0.99772,213.99034,0.61038,213.99034,0.93573,213.99034,0.57245
213.00206,0.99248,213.00206,0.61634,213.00206,0.93081,213.00206,0.57804
212.01375,0.99192,212.01375,0.61747,212.01375,0.93028,212.01375,0.5791
210.98579,0.98982,210.98579,0.62009,210.98579,0.92831,210.98579,0.58156
209.99728,0.99382,209.99728,0.62165,209.99728,0.93206,209.99728,0.58302
209.00873,0.99762,209.00873,0.62339,209.00873,0.93562,209.00873,0.58465
207.9805,1.00441,207.9805,0.62752,207.9805,0.942,207.9805,0.58852
206.99178,1.01079,206.99178,0.62891,206.99178,0.94798,206.99178,0.58983
206.00296,1.01035,206.00296,0.63208,206.00296,0.94757,206.00296,0.5928
205.01407,1.0103,205.01407,0.63751,205.01407,0.94752,205.01407,0.59789
203.9855,1.00978,203.9855,0.64161,203.9855,0.94703,203.9855,0.60174
202.99646,1.01019,202.99646,0.64491,202.99646,0.94742,202.99646,0.60483
202.00734,1.00978,202.00734,0.64755,202.00734,0.94703,202.00734,0.60732
201.01814,1.01339,201.01814,0.64921,201.01814,0.95041,201.01814,0.60887
199.98929,1.02065,199.98929,0.65058,199.98929,0.95723,199.98929,0.61016
