P-1_time_s,P-1_abs_sample_1_au,P-1_abs_sample_2_au,P-1_abs_sample_3_au,P-2_time_s,P-2_abs_sample_1_au,P-2_abs_sample_2_au,P-2_abs_sample_3_au,P-3_time_s,P-3_abs_sample_1_au,P-3_abs_sample_2_au,P-3_abs_sample_3_au,P-4_time_s,P-4_abs_sample_1_au,P-4_abs_sample_2_au,P-4_abs_sample_3_au
0,0.24999,0.24859,0.24212,0,0.32753,0.33494,0.34528,0,0.19184,0.18766,0.18397,0,0.15842,0.15643,0.15845
30,0.24809,0.24725,0.23984,60,0.31359,0.33007,0.33616,30,0.1834,0.18229,0.17613,60,0.14354,0.14197,0.13564
60,0.2452,0.24169,0.23713,120,0.29854,0.31524,0.32441,60,0.17309,0.17544,0.166,120,0.12748,0.12665,0.11457
90,0.2411,0.24025,0.23363,180,0.28533,0.3012,0.31341,90,0.16307,0.16867,0.15687,180,0.11342,0.11301,0.0962
120,0.23437,0.2356,0.23158,240,0.27255,0.2888,0.30315,120,0.15406,0.16281,0.14868,240,0.10051,0.10077,0.0841
150,0.23208,0.23235,0.22847,300,0.26065,0.27594,0.29354,150,0.14572,0.15685,0.14038,300,0.08949,0.08985,0.07495
180,0.22754,0.22962,0.22599,360,0.24912,0.26423,0.28429,180,0.13777,0.15013,0.13285,360,0.07963,0.08009,0.06682
210,0.2246,0.22658,0.22352,420,0.2382,0.25315,0.27497,210,0.13035,0.14444,0.12547,420,0.07337,0.07147,0.05893
240,0.22037,0.22375,0.22101,480,0.228,0.2427,0.26541,240,0.12342,0.13915,0.11888,480,0.06346,0.06383,0.05179
270,0.21687,0.22095,0.2178,540,0.21781,0.23272,0.25683,270,0.11708,0.13369,0.11221,540,0.05657,0.0578,0.04534
300,0.21934,0.21953,0.21558,600,0.20825,0.22339,0.24848,300,0.11106,0.12901,0.10617,600,0.0509,0.05099,0.03995
330,0.2108,0.21546,0.21277,660,0.19928,0.21369,0.24116,330,0.10525,0.1238,0.10082,660,0.04566,0.04567,0.03541
360,0.20844,0.21273,0.21177,720,0.1906,0.20489,0.23267,360,0.09989,0.1194,0.09552,720,0.04099,0.041,0.03142
390,0.20425,0.21403,0.20767,780,0.18233,0.19653,0.22526,390,0.09504,0.11476,0.08976,780,0.03694,0.03674,0.02812
420,0.20163,0.20741,0.20583,840,0.17429,0.18871,0.21784,420,0.09044,0.11021,0.08774,840,0.03338,0.03324,0.02524
450,0.19895,0.20513,0.20296,900,0.1668,0.18101,0.21126,450,0.08601,0.10607,0.08108,900,0.03015,0.02979,0.02288
480,0.19684,0.20679,0.2009,960,0.15995,0.1748,0.20344,480,0.08205,0.10228,0.07655,960,0.02755,0.02703,0.02065
510,0.19214,0.20054,0.19834,1020,0.15276,0.16711,0.19695,510,0.0782,0.0983,0.07282,1020,0.02517,0.02444,0.01891
540,0.19048,0.19793,0.19587,1080,0.14638,0.1604,0.19042,540,0.07473,0.09449,0.06909,1080,0.023,0.02218,0.01736
570,0.18919,0.19577,0.1935,1140,0.1403,0.15397,0.18359,570,0.07125,0.09084,0.06537,1140,0.02108,0.01993,0.01585
600,0.18463,0.19337,0.19172,1200,0.13423,0.14796,0.1776,600,0.06848,0.08755,0.06215,1200,0.01953,0.01834,0.01473
630,0.18219,0.1908,0.19034,1260,0.12879,0.1422,0.17134,630,0.06559,0.08425,0.059,1260,0.018,0.01675,0.01361
660,0.17858,0.18799,0.1871,1320,0.12316,0.13665,0.16568,660,0.06242,0.08126,0.0558,1320,0.01663,0.01531,0.01272
690,0.17656,0.18652,0.18654,1380,0.11811,0.13137,0.16051,690,0.05994,0.07807,0.05311,1380,0.01553,0.01464,0.01191
720,0.17374,0.184,0.18314,1440,0.11315,0.12637,0.15564,720,0.05771,0.07519,0.05066,1440,0.01463,0.01292,0.0112
750,0.17097,0.18651,0.18055,1500,0.10842,0.12153,0.14988,750,0.05539,0.07249,0.04807,1500,0.01366,0.01216,0.0105
780,0.169,0.18059,0.17884,1560,0.10382,0.11711,0.14576,780,0.05352,0.06965,0.0455,1560,0.01287,0.0116,0.00995
810,0.16695,0.17827,0.17664,1620,0.09968,0.1127,0.14029,810,0.05138,0.06713,0.04354,1620,0.01215,0.01027,0.00952
840,0.16441,0.17505,0.17454,1680,0.09553,0.10803,0.13547,840,0.0498,0.06491,0.04142,1680,0.01148,0.00971,0.00909
870,0.16196,0.17357,0.17243,1740,0.09174,0.10409,0.13107,870,0.04785,0.06353,0.03924,1740,0.011,0.00907,0.00857
900,0.161,0.17282,0.16958,1800,0.0877,0.10034,0.12631,900,0.04637,0.05996,0.0375,1800,0.01051,0.00839,0.00827
930,0.15763,0.17052,0.16827,1860,0.08412,0.09658,0.12256,930,0.04501,0.05784,0.03585,1860,0.00993,0.00796,0.00799
960,0.15711,0.16754,0.17022,1920,0.08081,0.09282,0.11843,960,0.04302,0.05587,0.0344,1920,0.00954,0.00792,0.00775
990,0.15327,0.16692,0.16437,1980,0.07763,0.08993,0.11454,990,0.04202,0.05375,0.03289,1980,0.00917,0.00706,0.00754
1020,0.15111,0.16376,0.16299,2040,0.07443,0.08617,0.11062,1020,0.04086,0.05194,0.03125,2040,0.00892,0.00671,0.00728
1050,0.14926,0.16143,0.16162,2100,0.07159,0.08323,0.10776,1050,0.03953,0.05026,0.02957,2100,0.00861,0.00634,0.00712
1080,0.14757,0.16112,0.15871,2160,0.0687,0.08025,0.10428,1080,0.0385,0.0482,0.02871,2160,--,0.00611,0.00699
1110,0.14522,0.15795,0.15711,2220,0.06616,0.07744,0.10083,1110,0.03738,0.04665,0.0272,2220,--,0.00611,0.00677
1140,0.14537,0.15514,0.15542,2280,0.06352,0.07466,0.09928,1140,0.03639,0.04504,0.02613,,,,--
1170,0.14201,0.15373,0.15285,2340,0.06099,0.07241,0.09487,1170,0.03571,0.0433,0.02507,,,,--
1200,0.13985,0.15254,0.15138,2400,0.05834,0.06959,0.09186,1200,0.03485,0.0419,0.02365,,,,
1230,0.13777,0.14967,0.14953,2460,0.05628,0.06701,0.08906,1230,0.03388,0.04032,0.0231,,,,
1260,0.13611,0.14791,0.14745,2520,0.05406,0.06489,0.08662,1260,0.03304,0.03997,0.02171,,,,
1290,0.13527,0.14643,0.14656,2580,0.05221,0.06261,0.08375,1290,0.03258,0.03783,0.02114,,,,
1320,0.13246,0.14682,0.14458,2640,0.0499,0.06065,0.0811,1320,0.03157,0.0366,0.02046,,,,
1350,0.13177,0.14424,0.14255,2700,0.04801,0.05844,0.07839,1350,0.0311,0.03536,0.0196,,,,
1380,0.12917,0.14235,0.14092,2760,0.04621,0.05689,0.07646,1380,0.03037,0.0341,0.01894,,,,
1410,0.12767,0.14461,0.13972,2820,0.04457,0.0548,0.07498,1410,0.03007,0.03418,0.01826,,,,
1440,0.12881,0.13777,0.13787,2880,0.04302,0.05326,0.07197,1440,0.02984,0.03211,0.0175,,,,
1470,0.12466,0.13592,0.13571,2940,0.04135,0.0514,0.06996,1470,0.02892,0.03113,0.01638,,,,
1500,0.12379,0.1368,0.13415,3000,0.0399,0.05005,0.06825,1500,0.02846,0.0301,0.0164,,,,
1530,0.12155,0.13494,0.1331,3060,0.03855,0.04804,0.06637,1530,0.02778,0.02892,0.01554,,,,
1560,0.12154,0.1314,0.13113,3120,0.03709,0.04686,0.06436,1560,0.02755,0.02823,0.01495,,,,
1590,0.12209,0.12998,0.12942,3180,0.0357,0.04543,0.0626,1590,0.02709,0.02763,0.01463,,,,
1620,0.11665,0.12855,0.12751,3240,0.0344,0.04395,0.06121,1620,0.02683,0.02669,0.01413,,,,
1650,0.11454,0.12667,0.12697,3300,0.03344,0.04253,0.0592,1650,0.02638,0.02589,0.01346,,,,
1680,0.11382,0.12505,0.12512,3360,0.03218,0.04144,0.05788,1680,0.02646,0.02509,0.01295,,,,
1710,0.11223,0.12394,0.1234,3420,0.03115,0.04013,0.05669,1710,0.02585,0.0244,0.01265,,,,
1740,0.11113,0.1224,0.12188,3480,0.03001,0.03913,0.05522,1740,0.02549,0.02376,0.01237,,,,
1770,0.11328,0.12077,0.12044,3540,0.02881,0.03813,0.05413,1770,0.02491,0.02329,0.01187,,,,
1800,0.10827,0.11966,0.11901,3600,0.02813,0.03701,0.05215,1800,0.02497,0.02233,0.01212,,,,
1830,0.11634,0.11797,0.12358,3660,0.02716,0.03632,0.05103,1830,0.02475,0.02179,0.01109,,,,
1860,0.10912,0.1166,0.11615,3720,0.02617,0.03588,0.04997,1860,0.02426,0.02138,0.01089,,,,
1890,0.11029,0.11951,0.11487,3780,0.0255,0.03398,0.04888,1890,0.02423,0.02063,0.01071,,,,
1920,0.10611,0.11605,0.11373,3840,0.02467,0.03314,0.0479,1920,0.02426,0.02017,0.01062,,,,
1950,0.10182,0.11279,0.11246,3900,0.02401,0.03252,0.04643,1950,0.02384,0.01965,0.01033,,,,
1980,0.10101,0.11091,0.11077,3960,0.02318,0.03158,0.04593,1980,0.02362,0.01923,0.00995,,,,
2010,0.10054,0.11122,0.10955,4020,0.02244,0.03066,0.04465,2010,0.02355,0.0187,0.0096,,,,
2040,0.1022,0.10925,0.10843,4080,0.02171,0.02996,0.04399,2040,0.02342,0.01817,0.00997,,,,
2070,0.09676,0.10972,0.10678,4140,0.02102,0.02936,0.04277,2070,0.02358,0.01779,0.0091,,,,
2100,0.09584,0.10578,0.10558,4200,0.02052,0.02875,0.04222,2100,0.02314,0.01744,0.00911,,,,
2130,0.09426,0.10436,0.10423,4260,0.01984,0.02806,0.04117,2130,0.02283,0.01716,0.00906,,,,
2160,0.09316,0.10393,0.10277,4320,0.01933,0.02753,0.0409,2160,0.02268,0.01661,0.00884,,,,
2190,0.09189,0.10178,0.10166,4380,0.01883,0.02678,0.03994,2190,0.02269,0.01671,0.00855,,,,
2220,0.09083,0.10089,0.1009,4440,0.01834,0.02624,0.04145,2220,0.02237,0.01597,0.0083,,,,
2250,0.08975,0.09958,0.09941,4500,0.01796,0.02578,0.0385,2250,0.02227,0.01575,0.0082,,,,
2280,0.08602,0.0987,0.09918,4560,0.01748,0.02528,0.03783,2280,0.02198,0.01534,0.00797,,,,
2310,0.08747,0.09709,0.09657,4620,0.0169,0.02459,0.03683,2310,0.0222,0.01511,0.00765,,,,
2340,0.0894,0.09687,0.09557,4680,0.01677,0.02405,0.03643,2340,0.02192,0.01476,0.00769,,,,
2370,0.09027,0.09494,0.09446,4740,0.01626,0.02356,0.03635,2370,0.02183,0.01463,0.00757,,,,
2400,0.0862,0.0984,0.09788,4800,0.01569,0.02365,0.0355,2400,0.02185,0.01442,0.00734,,,,
2430,0.08409,0.09757,0.09288,4860,0.0153,0.02278,0.0348,2430,0.02175,0.01392,0.00768,,,,
2460,0.08449,0.09184,0.09121,4920,0.01487,0.02247,0.03458,2460,0.02171,0.01385,0.00709,,,,
2490,0.08235,0.09152,0.08999,4980,0.01482,0.02208,0.03424,2490,0.0216,0.01356,0.00698,,,,
2520,0.08082,0.08943,0.0893,5040,0.01458,0.02156,0.03376,2520,0.02143,0.01334,0.00718,,,,
2550,0.08157,0.08969,0.08766,5100,0.01396,0.02141,0.03325,2550,0.02166,0.01311,0.00685,,,,
2580,0.07942,0.08894,0.08688,5160,0.01385,0.02096,0.0327,2580,0.02152,0.01307,0.0067,,,,
2610,0.07811,0.08691,0.08558,5220,0.01345,0.02057,0.0327,2610,0.02117,0.01258,0.00693,,,,
2640,0.09172,0.08542,0.08437,5280,0.01326,0.02024,0.03227,2640,0.02119,0.01253,0.00661,,,,
2670,0.07533,0.08423,0.0838,5340,0.01301,0.01997,0.03172,2670,0.02139,0.01224,0.00675,,,,
2700,0.07879,0.08361,0.08347,5400,0.01278,0.01976,0.03164,2700,0.02118,0.0122,0.00672,,,,
2730,0.07581,0.08181,0.08658,5460,0.01245,0.01927,0.03065,2730,0.02143,0.01204,0.0062,,,,
2760,0.07371,0.0811,0.08064,5520,0.01237,0.01901,0.03043,2760,0.0211,0.01176,0.00631,,,,
2790,0.07281,0.08127,0.07939,5580,0.01209,0.01889,0.03022,2790,0.02089,0.01201,0.00709,,,,
2820,0.07195,0.07925,0.07852,5640,0.01188,0.01863,0.02992,2820,0.02067,0.01169,0.00608,,,,
2850,0.07053,0.07847,0.07866,,,0.01834,0.02938,2850,0.02087,0.01152,0.00573,,,,
2880,0.07339,0.07753,0.07759,,,0.01825,0.02947,2880,0.02084,0.0112,0.00619,,,,
2910,0.06891,0.07661,0.07585,,,0.01806,0.0291,2910,0.02133,0.01135,0.00594,,,,
2940,0.06848,0.07601,0.07503,,,0.01788,0.02919,2940,0.02081,0.01108,0.00584,,,,
2970,0.0677,0.07412,0.07435,,,0.01767,0.02868,2970,0.02056,0.0109,0.00618,,,,
3000,0.06668,0.07342,0.07298,,,0.01793,0.02815,3000,0.02077,0.01082,0.00579,,,,
3030,0.07177,0.07336,0.0721,,,0.01705,0.02815,3030,0.02044,0.01082,0.00556,,,,
3060,0.06608,0.07203,0.07201,,,0.01714,,3060,0.02073,0.01059,0.00564,,,,
3090,0.06588,0.07062,0.07075,,,0.01692,,3090,0.02065,0.01056,0.00639,,,,
3120,0.06378,0.07091,0.06964,,,0.01728,,3120,0.02064,0.01075,0.00535,,,,
3150,0.06378,0.06978,0.0693,,,0.01655,,3150,0.02083,,0.00167,,,,
3180,0.06384,0.06935,0.06868,,,0.01638,,3180,0.02065,,0.00182,,,,
3210,0.06212,0.06893,0.0674,,,0.01638,,3210,0.02053,,0.00203,,,,
3240,0.06049,0.06673,0.06891,,,0.01626,,3240,0.02061,,0.00167,,,,
3270,0.06012,0.06658,0.06576,,,0.01602,,,,,0.00166,,,,
3300,0.05901,0.06529,0.0646,,,0.0163,,,,,0.00153,,,,
3330,0.05802,0.06403,0.06406,,,0.01567,,,,,0.00171,,,,
3360,0.05814,0.06393,0.06289,,,,,,,,0.00154,,,,
3390,0.05706,0.06299,0.06187,,,,,,,,0.00142,,,,
3420,0.05856,0.06214,0.06179,,,,,,,,0.00171,,,,
3450,0.05605,0.06164,0.0606,,,,,,,,0.00142,,,,
3480,0.05772,0.06042,0.06112,,,,,,,,0.00133,,,,
3510,0.0546,0.06029,0.05941,,,,,,,,0.00151,,,,
3540,0.05428,0.05885,0.05827,,,,,,,,0.00124,,,,
3570,0.05338,0.05833,0.05755,,,,,,,,0.00119,,,,
3600,0.05274,0.05869,0.05745,,,,,,,,0.00123,,,,
3630,0.05579,0.05726,0.05638,,,,,,,,0.00118,,,,
3660,0.05267,0.0564,0.06072,,,,,,,,0.00146,,,,
3690,0.05187,0.05616,0.05758,,,,,,,,0.00111,,,,
3720,0.05032,0.05583,0.05411,,,,,,,,0.00122,,,,
3750,0.05236,0.05436,0.05374,,,,,,,,,,,,
3780,0.05006,0.0541,0.0529,,,,,,,,,,,,
3810,0.04879,0.05449,0.05253,,,,,,,,,,,,
3840,0.04895,0.05253,0.05236,,,,,,,,,,,,
3870,0.05185,0.05479,0.05114,,,,,,,,,,,,
3900,0.04812,0.05186,0.05078,,,,,,,,,,,,
3930,0.04692,0.05431,0.04974,,,,,,,,,,,,
3960,0.04724,0.05024,0.04927,,,,,,,,,,,,
3990,0.04538,0.05336,0.04872,,,,,,,,,,,,
4020,0.04466,0.04898,0.04817,,,,,,,,,,,,
4050,0.04785,0.04887,0.04741,,,,,,,,,,,,
4080,0.04441,0.04854,0.04694,,,,,,,,,,,,
4110,0.04472,0.04748,0.04628,,,,,,,,,,,,
4140,0.04521,0.04695,0.04687,,,,,,,,,,,,
4170,0.04247,0.04702,0.04688,,,,,,,,,,,,
4200,0.04136,0.04608,0.04459,,,,,,,,,,,,
4230,0.04199,0.046,0.04433,,,,,,,,,,,,
4260,0.04195,0.04431,0.04388,,,,,,,,,,,,
4290,0.04036,0.044,0.04316,,,,,,,,,,,,
4320,0.04035,0.04383,0.04289,,,,,,,,,,,,
4350,0.04366,0.04302,0.04206,,,,,,,,,,,,
4380,0.0412,0.0427,0.04148,,,,,,,,,,,,
4410,0.04017,0.04229,0.04458,,,,,,,,,,,,
4440,0.03896,0.04262,0.04043,,,,,,,,,,,,
4470,0.04258,0.04172,0.04069,,,,,,,,,,,,
4500,0.03835,0.04037,0.0396,,,,,,,,,,,,
4530,0.03692,0.04086,0.03931,,,,,,,,,,,,
4560,0.038,0.04139,0.03863,,,,,,,,,,,,
4590,0.03647,0.03919,0.03944,,,,,,,,,,,,
4620,0.03888,0.03938,0.03804,,,,,,,,,,,,
4650,0.04018,0.03792,0.03737,,,,,,,,,,,,
4680,0.03736,0.03854,0.03705,,,,,,,,,,,,
4710,0.03465,0.03713,0.03626,,,,,,,,,,,,
4740,0.03438,0.03868,0.03588,,,,,,,,,,,,
4770,0.03419,0.03652,0.03549,,,,,,,,,,,,
4800,0.03422,0.03661,0.03531,,,,,,,,,,,,
4830,0.03348,0.03594,0.03484,,,,,,,,,,,,
4860,0.03318,0.03717,0.03419,,,,,,,,,,,,
4890,0.0333,0.03998,0.03445,,,,,,,,,,,,
4920,0.03473,0.03504,0.03315,,,,,,,,,,,,
4950,0.03168,0.0365,0.03272,,,,,,,,,,,,
4980,0.03165,0.03362,0.03231,,,,,,,,,,,,
5010,0.0338,0.03381,0.03227,,,,,,,,,,,,
5040,0.0314,0.03405,0.03356,,,,,,,,,,,,
5070,0.03072,0.03367,0.0313,,,,,,,,,,,,
5100,0.03218,0.03236,0.03128,,,,,,,,,,,,
5130,0.03165,0.03222,0.03075,,,,,,,,,,,,
5160,0.03094,0.03183,0.03293,,,,,,,,,,,,
5190,0.02983,0.03196,0.03133,,,,,,,,,,,,
5220,0.02898,0.03247,0.0306,,,,,,,,,,,,
5250,0.02927,0.03059,0.02924,,,,,,,,,,,,
5280,0.02899,0.03551,0.02887,,,,,,,,,,,,
5310,0.02948,0.02938,0.02872,,,,,,,,,,,,
5340,0.02846,0.02992,0.02819,,,,,,,,,,,,
5370,0.02788,0.02911,0.02817,,,,,,,,,,,,
5400,0.02996,0.02866,0.02782,,,,,,,,,,,,
5430,0.02715,0.02835,0.0271,,,,,,,,,,,,
5460,0.02725,0.03229,0.02825,,,,,,,,,,,,
5490,0.02679,0.02932,0.02644,,,,,,,,,,,,
5520,0.02607,0.02889,0.02639,,,,,,,,,,,,
5550,0.03168,0.02711,0.02608,,,,,,,,,,,,
5580,0.02572,0.02679,0.02562,,,,,,,,,,,,
5610,0.02925,0.02957,0.02982,,,,,,,,,,,,
5640,0.02558,0.02646,0.02539,,,,,,,,,,,,
5670,0.02643,0.02638,0.02488,,,,,,,,,,,,
5700,0.02522,0.02565,0.02825,,,,,,,,,,,,
5730,0.02443,0.02562,0.02435,,,,,,,,,,,,
5760,0.02404,0.02491,0.02455,,,,,,,,,,,,
5790,0.0238,0.0254,0.02374,,,,,,,,,,,,
5820,0.02567,0.02456,0.02321,,,,,,,,,,,,
5850,0.02607,0.02428,0.02317,,,,,,,,,,,,
5880,0.02478,0.02436,0.02296,,,,,,,,,,,,
5910,0.02362,0.024,0.02297,,,,,,,,,,,,
5940,0.02321,0.02356,0.02803,,,,,,,,,,,,
5970,0.02318,0.02308,0.02299,,,,,,,,,,,,
6000,0.02265,0.02475,0.02328,,,,,,,,,,,,
6030,0.02222,0.02509,0.02174,,,,,,,,,,,,
6060,0.02191,0.02502,0.02303,,,,,,,,,,,,
6090,0.02431,0.02289,0.02103,,,,,,,,,,,,
6120,0.02202,0.02235,0.02058,,,,,,,,,,,,
6150,0.02106,0.0222,0.02074,,,,,,,,,,,,
6180,0.02181,0.02138,0.02264,,,,,,,,,,,,
6210,0.0208,0.02307,0.01989,,,,,,,,,,,,
6240,0.02095,0.02145,0.01997,,,,,,,,,,,,
6270,0.02122,0.02135,0.01976,,,,,,,,,,,,
6300,0.01999,0.02336,0.0195,,,,,,,,,,,,
6330,0.02,0.02052,0.01931,,,,,,,,,,,,
6360,0.02296,0.02046,0.01903,,,,,,,,,,,,
6390,0.02357,0.02056,0.01894,,,,,,,,,,,,
6420,0.02034,0.01992,0.01862,,,,,,,,,,,,
6450,0.02077,0.01966,0.01896,,,,,,,,,,,,
6480,0.02009,0.01937,0.01785,,,,,,,,,,,,
6510,0.01939,0.01958,0.01807,,,,,,,,,,,,
6540,0.02095,0.01937,0.0179,,,,,,,,,,,,
6570,0.01849,0.01919,0.01782,,,,,,,,,,,,
6600,0.01902,0.01848,0.01729,,,,,,,,,,,,
6630,0.01822,0.02053,0.01814,,,,,,,,,,,,
6660,0.0184,0.01806,0.01707,,,,,,,,,,,,
6690,,0.01831,0.01669,,,,,,,,,,,,
6720,,0.01906,0.0167,,,,,,,,,,,,
6750,,0.01796,0.0166,,,,,,,,,,,,
6780,,0.01749,0.01622,,,,,,,,,,,,
6810,,0.01737,0.01661,,,,,,,,,,,,
6840,,0.01805,0.0159,,,,,,,,,,,,
6870,,0.01723,0.01607,,,,,,,,,,,,
6900,,0.0179,0.01559,,,,,,,,,,,,
6930,,0.01844,0.01799,,,,,,,,,,,,
6960,,0.01924,0.01902,,,,,,,,,,,,
6990,,0.01807,0.0154,,,,,,,,,,,,
7020,,0.01666,0.01509,,,,,,,,,,,,
7050,,0.01662,0.01534,,,,,,,,,,,,
7080,,0.01606,0.01603,,,,,,,,,,,,
7110,,0.01627,0.0184,,,,,,,,,,,,
7140,,0.01586,0.01447,,,,,,,,,,,,
7170,,0.0155,0.0143,,,,,,,,,,,,
7200,,0.01664,0.01494,,,,,,,,,,,,
7230,,0.01817,0.01448,,,,,,,,,,,,
7260,,0.01532,0.01362,,,,,,,,,,,,
7290,,0.01484,0.01351,,,,,,,,,,,,
,,,0.01386,,,,,,,,,,,,
,,,0.01317,,,,,,,,,,,,
,,,0.0132,,,,,,,,,,,,
,,,0.01352,,,,,,,,,,,,
,,,0.01353,,,,,,,,,,,,
,,,0.01305,,,,,,,,,,,,
,,,0.01299,,,,,,,,,,,,
,,,0.01269,,,,,,,,,,,,
,,,0.01257,,,,,,,,,,,,
,,,0.01628,,,,,,,,,,,,
,,,0.01247,,,,,,,,,,,,
,,,0.0128,,,,,,,,,,,,
,,,0.01234,,,,,,,,,,,,
,,,0.01319,,,,,,,,,,,,
,,,0.01206,,,,,,,,,,,,
,,,0.01217,,,,,,,,,,,,
,,,0.01158,,,,,,,,,,,,
,,,0.01181,,,,,,,,,,,,
,,,0.0111,,,,,,,,,,,,
,,,0.01147,,,,,,,,,,,,
,,,0.01161,,,,,,,,,,,,
,,,0.01202,,,,,,,,,,,,
,,,0.01101,,,,,,,,,,,,
,,,0.01086,,,,,,,,,,,,
,,,0.01043,,,,,,,,,,,,
,,,0.01062,,,,,,,,,,,,
,,,0.01208,,,,,,,,,,,,
,,,0.01033,,,,,,,,,,,,
,,,0.01035,,,,,,,,,,,,
,,,0.01124,,,,,,,,,,,,
,,,0.01028,,,,,,,,,,,,
,,,0.01019,,,,,,,,,,,,
,,,0.00993,,,,,,,,,,,,
,,,0.01011,,,,,,,,,,,,
,,,0.01093,,,,,,,,,,,,
,,,0.0102,,,,,,,,,,,,
,,,0.01043,,,,,,,,,,,,
,,,0.00996,,,,,,,,,,,,
,,,0.00977,,,,,,,,,,,,
,,,0.00958,,,,,,,,,,,,
,,,0.0091,,,,,,,,,,,,
,,,0.00908,,,,,,,,,,,,
,,,0.00881,,,,,,,,,,,,
,,,0.00932,,,,,,,,,,,,
,,,0.0092,,,,,,,,,,,,
,,,0.0091,,,,,,,,,,,,
,,,0.0087,,,,,,,,,,,,
,,,0.0092,,,,,,,,,,,,
,,,0.00861,,,,,,,,,,,,
,,,0.00872,,,,,,,,,,,,
,,,0.00867,,,,,,,,,,,,
,,,0.00852,,,,,,,,,,,,
,,,0.00877,,,,,,,,,,,,
,,,0.00849,,,,,,,,,,,,
,,,0.0086,,,,,,,,,,,,
,,,0.00821,,,,,,,,,,,,
,,,0.00841,,,,,,,,,,,,
,,,0.00822,,,,,,,,,,,,
,,,0.00842,,,,,,,,,,,,
,,,0.01506,,,,,,,,,,,,
,,,0.01236,,,,,,,,,,,,
,,,0.00769,,,,,,,,,,,,
,,,0.0084,,,,,,,,,,,,
,,,0.00774,,,,,,,,,,,,
,,,0.00759,,,,,,,,,,,,
,,,0.00745,,,,,,,,,,,,
,,,0.00797,,,,,,,,,,,,
,,,0.00872,,,,,,,,,,,,
