D-2_time_s,D-2_abs_315nm_85C_au,D-2_abs_315nm_90C_au,D-2_abs_315nm_95C_au,D-2_1_over_T_1_per_K,D-2_R0_k,D-2_ln_k_over_T,D-2_ln_k,D-3_time_s,D-3_abs_310nm_85C_au,D-3_abs_310nm_90C_au,D-3_abs_310nm_95C_au,D-3_1_over_T_1_per_K,D-3_R0_k,D-3_ln_k_over_T,D-3_ln_k,D-4_time_s,D-4_abs_310nm_85C_au,D-4_abs_310nm_90C_au,D-4_abs_310nm_95C_au,D-4_1_over_T_1_per_K,D-4_R0_k,D-4_ln_k_over_T,D-4_ln_k
0,0.06449,0.07346,0.05589,0.00279,1.03E-04,-15.06413,-9.18359,0,0.02331,0.07903,0.03067,0.00279,4.13E-05,-15.97516,-10.09462,0,0.04272,0.03348,0.03822,0.00279,1.89E-05,-16.75938,-10.87884
600,0.09664,0.12158,0.12761,0.00275,1.61E-04,-14.62585,-8.73145,300,0.03516,0.10089,0.06921,0.00275,6.94E-05,-15.47021,-9.5758,600,0.06052,0.05597,0.07213,0.00275,3.29E-05,-16.21708,-10.32268
1200,0.1229,0.1612,0.18462,0.00272,2.63E-04,-14.15136,-8.24327,600,0.05013,0.12519,0.10762,0.00272,1.19E-04,-14.94257,-9.03449,1200,0.07369,0.0751,0.10176,0.00272,5.57E-05,-15.7041,-9.79601
1800,0.14676,0.19499,0.23109,,,,,900,0.06424,0.14781,0.14484,,,,,1800,0.08518,0.0932,0.12926,,,,
2400,0.16838,0.22736,0.26965,,,,,1200,0.07775,0.16965,0.1777,,,,,2400,0.09531,0.11047,0.15559,,,,
3000,0.18877,0.25286,0.3014,,,,,1500,0.09127,0.19086,0.21048,,,,,3000,0.10511,0.12676,0.18069,,,,
3600,0.20799,0.27738,0.32793,,,,,1800,0.10479,0.21124,0.24193,,,,,3600,0.1145,0.14244,0.20446,,,,
4200,0.22569,0.29897,0.34997,,,,,2100,0.11799,0.23119,0.27201,,,,,4200,0.1238,0.15775,0.22752,,,,
4800,0.24238,0.31805,0.36884,,,,,2400,0.13188,0.25045,0.30048,,,,,4800,0.13297,0.17357,0.24942,,,,
5400,0.25816,0.33586,0.38373,,,,,2700,0.14393,0.26888,0.32881,,,,,5400,0.14192,0.18694,0.27091,,,,
6000,0.27226,0.35147,0.39667,,,,,3000,0.15582,0.28703,0.35508,,,,,6000,0.15071,0.20147,0.29139,,,,
6600,0.28762,0.36608,0.40782,,,,,3300,0.16762,0.30456,0.38162,,,,,6600,0.1597,0.21518,0.31153,,,,
7200,0.29855,0.378,0.41696,,,,,3600,0.17912,0.32206,0.40445,,,,,7200,0.16813,0.22854,0.33033,,,,
7800,0.31015,0.38918,0.42513,,,,,3900,0.19051,0.33876,0.42914,,,,,7800,0.17669,0.24158,0.34912,,,,
8400,0.32249,0.39892,0.43105,,,,,4200,0.20134,0.35529,0.45451,,,,,8400,0.18505,0.25573,0.36715,,,,
9000,0.33153,0.40808,0.43686,,,,,4500,0.21221,0.37139,0.47284,,,,,9000,0.19353,0.26724,0.38433,,,,
9600,0.34152,0.41708,0.44166,,,,,4800,0.22324,0.3872,0.49358,,,,,9600,0.20152,0.27968,0.40098,,,,
10200,0.35072,0.4239,0.44576,,,,,5100,0.23344,0.4024,0.51391,,,,,10200,0.2097,0.29179,0.41682,,,,
10800,0.36057,0.43127,0.44939,,,,,5400,0.24377,0.41758,0.53463,,,,,10800,0.21799,0.30393,0.43225,,,,
11400,0.36769,0.44186,0.45223,,,,,5700,0.25417,0.43205,0.55198,,,,,11400,0.22563,0.31546,0.44758,,,,
12000,0.37469,0.44223,0.45491,,,,,6000,0.26443,0.44659,0.57053,,,,,12000,0.2336,0.32708,0.46196,,,,
12600,0.38225,0.44724,0.45709,,,,,6300,0.27445,0.4607,0.58859,,,,,12600,0.24157,0.3391,0.47607,,,,
13200,0.3887,0.45253,0.45929,,,,,6600,0.28427,0.47447,0.60466,,,,,13200,0.24907,0.34966,0.49021,,,,
13800,0.3946,0.45561,0.46119,,,,,6900,0.29396,0.4879,0.62201,,,,,13800,0.25659,0.36008,0.5029,,,,
14400,0.40001,0.45913,0.46206,,,,,7200,0.30366,0.50105,0.63687,,,,,14400,0.26384,0.37091,0.51574,,,,
15000,0.40603,0.46288,0.46369,,,,,7500,0.31329,0.51342,0.6523,,,,,15000,0.27132,0.38066,0.52829,,,,
15600,0.41069,0.46622,0.46456,,,,,7800,0.32281,0.52613,0.66742,,,,,15600,0.2783,0.39136,0.54057,,,,
16200,0.41554,0.46853,0.46597,,,,,8100,0.33267,0.53854,0.68087,,,,,16200,0.28596,0.4013,0.55176,,,,
16800,0.42035,0.47098,0.46658,,,,,8400,0.34131,0.55049,0.69403,,,,,16800,0.29291,0.41141,0.56349,,,,
17400,0.42481,0.47382,0.46734,,,,,8700,0.3503,0.56245,0.70864,,,,,17400,0.3,0.42139,0.57437,,,,
18000,0.42858,0.47599,0.46865,,,,,9000,0.35926,0.57379,0.72055,,,,,18000,0.30715,0.43062,0.58475,,,,
18600,0.43254,0.47844,0.4692,,,,,9300,0.36824,0.5853,0.73328,,,,,18600,0.31393,0.43975,0.59473,,,,
19200,0.43603,0.4799,0.46995,,,,,9600,0.37678,0.59635,0.74531,,,,,19200,0.32049,0.44827,0.60365,,,,
19800,0.43899,0.48125,0.47062,,,,,9900,0.3857,0.60666,0.7568,,,,,19800,0.32772,0.4572,0.61396,,,,
20400,0.44204,0.48236,0.47088,,,,,10200,0.39412,0.61753,0.76991,,,,,20400,0.33416,0.4662,0.62299,,,,
21000,0.44514,0.48326,0.47188,,,,,10500,0.40235,0.62795,0.77907,,,,,21000,0.34121,0.47488,0.63228,,,,
21600,0.44759,0.48443,0.47249,,,,,10800,0.41087,0.6383,0.78941,,,,,21600,0.34739,0.48265,0.64029,,,,
22200,0.45036,0.48608,0.47381,,,,,11100,0.41898,0.64817,0.79973,,,,,22200,0.3535,0.49112,0.64906,,,,
22800,0.4529,0.48737,0.47292,,,,,11400,0.42682,0.65796,0.81015,,,,,22800,0.3605,0.49911,0.65761,,,,
23400,0.45516,0.48885,0.47333,,,,,11700,0.43503,0.66795,0.82498,,,,,23400,0.36655,0.5079,0.66527,,,,
24000,0.45735,0.49002,0.47381,,,,,12000,0.44296,0.67751,0.82775,,,,,24000,0.37241,0.5146,0.67308,,,,
24600,0.4595,0.49079,0.47451,,,,,12300,0.45081,0.68645,0.83746,,,,,24600,0.37928,0.52192,0.67961,,,,
25200,0.46157,0.4909,0.47462,,,,,12600,0.45826,0.69557,0.8469,,,,,25200,0.38513,0.53537,0.68606,,,,
25800,0.46344,0.49162,0.47505,,,,,12900,0.46628,0.7044,0.85354,,,,,25800,0.3911,0.53711,0.69349,,,,
26400,0.46535,0.4925,0.47535,,,,,13200,0.47335,0.71302,0.86304,,,,,26400,0.39686,0.54458,0.70075,,,,
27000,0.46697,0.49297,0.47603,,,,,13500,0.48079,0.72121,0.86931,,,,,27000,0.40272,0.55131,0.70698,,,,
27600,0.46885,0.49399,0.47654,,,,,13800,0.48832,0.72967,0.87633,,,,,27600,0.4088,0.55802,0.71301,,,,
28200,0.47032,0.49468,0.47642,,,,,14100,0.49563,0.73745,0.88386,,,,,28200,0.41421,0.56462,0.71918,,,,
28800,0.47174,0.49543,0.47697,,,,,14400,0.50281,0.7456,0.89075,,,,,28800,0.4201,0.57199,0.72456,,,,
29400,0.47264,0.4959,0.47694,,,,,14700,0.50977,0.75333,0.89777,,,,,29400,0.42547,0.5781,0.73143,,,,
30000,0.47362,0.497,0.47739,,,,,15000,0.51659,0.76118,0.90398,,,,,30000,0.43112,0.58444,0.73592,,,,
30600,0.47465,0.49747,0.47752,,,,,15300,0.52362,0.76875,0.91041,,,,,30600,0.4364,0.59035,0.74133,,,,
31200,0.47598,0.49767,0.47842,,,,,15600,0.53046,0.77564,0.91574,,,,,31200,0.44208,0.59695,0.74502,,,,
31800,0.4769,0.49836,0.47782,,,,,15900,0.53703,0.783,0.92734,,,,,31800,0.4475,0.6026,0.74991,,,,
32400,0.47777,0.49846,0.47789,,,,,16200,0.54375,0.78987,0.92782,,,,,32400,0.45272,0.60869,0.75448,,,,
33000,0.47902,0.49948,0.47799,,,,,16500,0.55016,0.79683,0.93259,,,,,33000,0.45791,0.61418,0.75951,,,,
33600,0.47986,0.49826,0.47787,,,,,16800,0.55662,0.80376,0.9375,,,,,33600,0.46299,0.62096,0.76358,,,,
34200,0.4811,0.49899,0.4783,,,,,17100,0.56315,0.81035,0.94296,,,,,34200,0.46804,0.62593,0.76872,,,,
34800,0.48173,0.49973,0.47915,,,,,17400,0.56962,0.81641,0.9482,,,,,34800,0.47287,0.63185,0.77322,,,,
35400,0.48259,0.50098,0.47919,,,,,17700,0.57607,0.82347,0.95313,,,,,35400,0.47765,0.63768,0.77689,,,,
36000,0.48387,0.50239,0.47951,,,,,18000,0.58226,0.82933,0.95806,,,,,36000,0.48259,0.64274,0.78092,,,,
36600,0.48434,0.50141,0.47953,,,,,18300,0.58816,0.83566,0.96358,,,,,36600,0.48764,0.64714,0.78515,,,,
37200,0.48469,0.50127,0.48015,,,,,18600,0.59404,0.84124,0.9662,,,,,37200,0.49219,0.65221,0.78777,,,,
37800,0.48517,0.501,0.48014,,,,,18900,0.60009,0.84737,0.97021,,,,,37800,0.49678,0.65773,0.79196,,,,
38400,0.48584,0.50121,0.4806,,,,,19200,0.60605,0.85363,0.97418,,,,,38400,0.50186,0.66106,0.7953,,,,
39000,0.48668,0.50171,0.48125,,,,,19500,0.61203,0.85906,0.97757,,,,,39000,0.50633,0.66576,0.79828,,,,
39600,0.48775,0.50254,0.48153,,,,,19800,0.61772,0.86451,0.98166,,,,,39600,0.51107,0.67064,0.80184,,,,
40200,0.48822,0.5064,0.48178,,,,,20100,0.62341,0.86961,0.9859,,,,,40200,0.51546,0.67539,0.80553,,,,
40800,0.48886,0.50264,0.48235,,,,,20400,0.62904,0.8748,0.99017,,,,,40800,0.51985,0.67935,0.80821,,,,
41400,0.48923,0.50318,0.4824,,,,,20700,0.63479,0.87954,0.9923,,,,,41400,0.52462,0.68374,0.81085,,,,
42000,0.48981,0.50366,0.48261,,,,,21000,0.63989,0.88415,0.99574,,,,,42000,0.52905,0.68954,0.8141,,,,
42600,0.48975,0.50322,0.48239,,,,,21300,0.64524,0.88972,0.99907,,,,,42600,0.53279,0.69364,0.81659,,,,
43200,0.49041,0.50346,0.48292,,,,,21600,0.65054,0.89474,,,,,,43200,0.53788,0.69762,0.81928,,,,
43800,0.49063,0.50375,0.48317,,,,,21900,0.65609,0.89906,,,,,,43800,0.54215,0.70112,0.82163,,,,
44400,0.49074,0.50354,0.48389,,,,,22200,0.66092,0.90416,,,,,,44400,0.54599,0.70534,0.82502,,,,
45000,0.49099,0.50449,0.48454,,,,,22500,0.66626,0.90903,,,,,,45000,0.55049,0.70932,0.82758,,,,
45600,0.49131,0.50504,0.48437,,,,,22800,0.67117,0.91325,,,,,,45600,0.5548,0.71319,0.82919,,,,
46200,0.49212,0.50509,0.48417,,,,,23100,0.67593,0.91796,,,,,,46200,0.55882,0.71715,0.83166,,,,
46800,0.49253,0.50537,0.48469,,,,,23400,0.6807,0.92237,,,,,,46800,0.56276,0.72724,0.83428,,,,
47400,0.49348,0.50637,0.48432,,,,,23700,0.68541,0.92696,,,,,,47400,0.56673,0.72379,0.83715,,,,
48000,0.49376,0.50609,0.48443,,,,,24000,0.69073,0.93094,,,,,,48000,0.57122,0.72785,0.83368,,,,
48600,0.49417,0.50628,0.48541,,,,,24300,0.69527,0.93516,,,,,,48600,0.57496,0.73167,0.83458,,,,
49200,0.49424,0.5064,0.48537,,,,,24600,0.70016,0.93937,,,,,,49200,0.57911,0.73531,0.83663,,,,
49800,0.49413,0.50672,0.48557,,,,,24900,0.70458,0.94256,,,,,,49800,0.58307,0.73878,0.83771,,,,
50400,0.4944,0.50652,0.48621,,,,,25200,0.70922,0.94527,,,,,,50400,0.58684,0.74193,0.83978,,,,
51000,0.49483,0.50721,0.48676,,,,,25500,0.7139,0.94862,,,,,,51000,0.59058,0.74551,0.84127,,,,
51600,0.49527,0.50694,0.48702,,,,,25800,0.71847,0.95218,,,,,,51600,0.59426,0.74839,0.84382,,,,
52200,0.49545,0.50717,0.4876,,,,,26100,0.72291,0.95601,,,,,,52200,0.59819,0.7524,0.84608,,,,
52800,0.49617,0.50724,0.48826,,,,,26400,0.7268,0.95899,,,,,,52800,0.60182,0.75478,0.84689,,,,
53400,0.49639,0.5079,0.48823,,,,,26700,0.73134,0.96301,,,,,,53400,0.60515,0.75799,0.84805,,,,
54000,0.49656,0.5088,0.48883,,,,,27000,0.73538,0.96644,,,,,,54000,0.60937,0.76134,0.85029,,,,
54600,0.49693,0.50803,0.48889,,,,,27300,0.73943,0.96998,,,,,,54600,0.61302,0.76312,0.85122,,,,
55200,0.4967,0.50853,0.48884,,,,,27600,0.74372,0.97328,,,,,,55200,0.61558,0.7668,0.85376,,,,
55800,0.49698,0.50931,0.48926,,,,,27900,0.74804,0.97654,,,,,,55800,0.61948,0.76941,0.85549,,,,
56400,0.49718,0.50943,0.48955,,,,,28200,0.75222,0.97924,,,,,,56400,0.62283,0.77211,0.85525,,,,
57000,0.49722,0.50948,0.49014,,,,,28500,0.75603,0.98213,,,,,,57000,0.6259,0.77419,0.85722,,,,
57600,0.49743,0.51018,0.48977,,,,,28800,0.76035,0.98607,,,,,,57600,0.62948,0.77711,0.8576,,,,
58200,0.49705,0.50969,0.49103,,,,,29100,0.76436,0.98883,,,,,,58200,0.63241,0.7796,0.85892,,,,
58800,0.4976,0.50975,0.48612,,,,,29400,0.76812,0.9921,,,,,,58800,0.63544,0.78063,0.86054,,,,
59400,0.49828,0.51011,,,,,,29700,0.77193,0.99491,,,,,,59400,0.63879,0.78583,0.86173,,,,
60000,0.49848,0.51009,,,,,,30000,0.77592,0.99768,,,,,,60000,0.64161,0.78705,0.86338,,,,
60600,0.49882,0.51031,,,,,,30300,0.77998,0.99995,,,,,,60600,0.6455,0.78879,0.86447,,,,
61200,0.49905,0.5111,,,,,,30600,0.78328,1.00295,,,,,,61200,0.64883,0.79106,0.86645,,,,
61800,0.49952,0.51098,,,,,,30900,0.78694,1.0049,,,,,,61800,0.65175,0.79303,0.86674,,,,
62400,0.4994,0.51158,,,,,,31200,0.79049,1.0084,,,,,,62400,0.65376,0.79674,0.86856,,,,
63000,0.49999,0.51195,,,,,,31500,0.79417,1.01066,,,,,,63000,0.65663,0.79826,0.86889,,,,
63600,0.50024,0.51212,,,,,,31800,0.79839,1.01258,,,,,,63600,0.65983,0.79998,0.86977,,,,
64200,0.50042,0.51309,,,,,,32100,0.80147,1.01509,,,,,,64200,0.66315,0.80204,0.87109,,,,
64800,0.50063,0.51289,,,,,,32400,0.80496,1.01704,,,,,,64800,0.66584,0.80515,0.87088,,,,
,,0.51257,,,,,,32700,0.80812,1.01946,,,,,,65400,0.66919,0.80695,0.87217,,,,
,,0.51288,,,,,,33000,0.81071,1.02249,,,,,,66000,0.67222,0.80831,0.87458,,,,
,,0.51375,,,,,,33300,0.81403,1.02472,,,,,,66600,0.6746,0.81027,0.87397,,,,
,,,,,,,,33600,0.81751,1.02628,,,,,,67200,0.67732,0.81324,0.875,,,,
,,,,,,,,33900,0.82091,1.02919,,,,,,67800,0.68028,0.81567,0.87614,,,,
,,,,,,,,34200,0.82424,1.03112,,,,,,68400,0.68227,0.81672,0.87713,,,,
,,,,,,,,34500,0.82729,1.0335,,,,,,69000,0.6853,0.8186,0.87772,,,,
,,,,,,,,34800,0.83011,1.03536,,,,,,69600,0.68808,0.82032,0.87884,,,,
,,,,,,,,35100,0.83372,1.03761,,,,,,70200,0.69047,0.82384,0.87926,,,,
,,,,,,,,35400,0.83634,1.03897,,,,,,70800,0.69333,0.82927,0.88011,,,,
,,,,,,,,35700,0.83995,1.04052,,,,,,71400,0.69609,,0.87957,,,,
,,,,,,,,36000,0.84242,1.0427,,,,,,72000,0.69913,,0.8804,,,,
,,,,,,,,36300,0.845,1.04468,,,,,,72600,0.70094,,0.88107,,,,
,,,,,,,,36600,0.84793,1.04656,,,,,,73200,0.70319,,0.88207,,,,
,,,,,,,,36900,0.85129,1.04871,,,,,,73800,0.70547,,0.88271,,,,
,,,,,,,,37200,0.85385,1.04991,,,,,,74400,0.70768,,0.88375,,,,
,,,,,,,,37500,0.8561,1.05209,,,,,,75000,0.71015,,0.88403,,,,
,,,,,,,,37800,0.85924,1.05444,,,,,,75600,0.71249,,0.88475,,,,
,,,,,,,,38100,0.86195,1.05591,,,,,,76200,0.71492,,0.88579,,,,
,,,,,,,,38400,0.8648,1.0573,,,,,,76800,0.71815,,0.88647,,,,
,,,,,,,,38700,0.86749,1.0588,,,,,,77400,0.71966,,0.88709,,,,
,,,,,,,,39000,0.87003,1.0603,,,,,,78000,0.72176,,0.88641,,,,
,,,,,,,,39300,0.87306,1.0619,,,,,,78600,0.72399,,0.88771,,,,
,,,,,,,,39600,0.87555,1.06367,,,,,,79200,0.72613,,0.88835,,,,
,,,,,,,,39900,0.87816,1.06499,,,,,,79800,0.72788,,0.88912,,,,
,,,,,,,,40200,0.88086,1.06636,,,,,,80400,0.73001,,0.88959,,,,
,,,,,,,,40500,0.88324,1.0684,,,,,,81000,0.73202,,0.89043,,,,
,,,,,,,,40800,0.88538,1.06898,,,,,,81600,0.73496,,0.89052,,,,
,,,,,,,,41100,0.88767,1.07027,,,,,,82200,0.73665,,0.89122,,,,
,,,,,,,,41400,0.89057,1.07182,,,,,,82800,0.73877,,,,,,
,,,,,,,,41700,0.8931,1.07271,,,,,,83400,0.74071,,,,,,
,,,,,,,,42000,0.8949,1.07451,,,,,,84000,0.74309,,,,,,
,,,,,,,,42300,0.89732,1.07616,,,,,,84600,0.74523,,,,,,
,,,,,,,,42600,0.89986,1.07169,,,,,,85200,0.74674,,,,,,
,,,,,,,,42900,0.90155,1.07298,,,,,,85800,0.74967,,,,,,
,,,,,,,,43200,0.90442,1.07404,,,,,,86400,0.75135,,,,,,
,,,,,,,,43500,0.90581,1.07536,,,,,,87000,0.75299,,,,,,
,,,,,,,,43800,0.90822,1.07594,,,,,,87600,0.75453,,,,,,
,,,,,,,,44100,0.91029,1.07682,,,,,,88200,0.75656,,,,,,
,,,,,,,,44400,0.91261,1.07856,,,,,,88800,0.75878,,,,,,
,,,,,,,,44700,0.9144,1.0794,,,,,,89400,0.76061,,,,,,
,,,,,,,,45000,0.91644,1.08106,,,,,,90000,0.76271,,,,,,
,,,,,,,,45300,0.91892,1.08141,,,,,,90600,0.76427,,,,,,
,,,,,,,,45600,0.92003,1.08275,,,,,,91200,0.76561,,,,,,
,,,,,,,,45900,0.92262,1.08332,,,,,,91800,0.76769,,,,,,
,,,,,,,,46200,0.92494,1.0846,,,,,,92400,0.76953,,,,,,
,,,,,,,,46500,0.92746,1.08602,,,,,,93000,0.77208,,,,,,
,,,,,,,,46800,0.9287,1.08721,,,,,,93600,0.77339,,,,,,
,,,,,,,,47100,0.93078,1.08798,,,,,,94200,0.77619,,,,,,
,,,,,,,,47400,0.93321,1.08948,,,,,,94800,0.77723,,,,,,
,,,,,,,,47700,0.93472,1.08992,,,,,,95400,0.7791,,,,,,
,,,,,,,,48000,0.9363,1.09073,,,,,,96000,0.78096,,,,,,
,,,,,,,,48300,0.93882,1.09147,,,,,,96600,0.78293,,,,,,
,,,,,,,,48600,0.93922,1.09146,,,,,,97200,0.78375,,,,,,
,,,,,,,,48900,0.94069,1.09304,,,,,,97800,0.78609,,,,,,
,,,,,,,,49200,0.94273,1.09379,,,,,,98400,0.78707,,,,,,
,,,,,,,,49500,0.94491,1.09433,,,,,,99000,0.78919,,,,,,
,,,,,,,,49800,0.94657,1.09573,,,,,,99600,0.79009,,,,,,
,,,,,,,,50100,0.94831,1.09694,,,,,,100200,0.79229,,,,,,
,,,,,,,,50400,0.94992,1.09823,,,,,,100800,0.79637,,,,,,
,,,,,,,,50700,0.95184,1.09773,,,,,,101400,0.79758,,,,,,
,,,,,,,,51000,0.95352,1.09938,,,,,,102000,0.79773,,,,,,
,,,,,,,,51300,0.95536,1.09997,,,,,,102600,0.79924,,,,,,
,,,,,,,,51600,0.95674,1.09936,,,,,,103200,0.80196,,,,,,
,,,,,,,,51900,0.9579,1.10009,,,,,,,,,,,,,
,,,,,,,,52200,0.95961,1.10139,,,,,,,,,,,,,
,,,,,,,,52500,0.96104,1.10157,,,,,,,,,,,,,
,,,,,,,,52800,0.96205,1.10245,,,,,,,,,,,,,
,,,,,,,,53100,0.9641,1.10333,,,,,,,,,,,,,
,,,,,,,,53400,0.96592,1.10392,,,,,,,,,,,,,
,,,,,,,,53700,0.96688,1.1044,,,,,,,,,,,,,
,,,,,,,,54000,0.96864,1.10533,,,,,,,,,,,,,
,,,,,,,,54300,0.97003,1.10602,,,,,,,,,,,,,
,,,,,,,,54600,0.97158,1.10598,,,,,,,,,,,,,
,,,,,,,,54900,0.97262,1.10655,,,,,,,,,,,,,
,,,,,,,,55200,0.97455,1.10747,,,,,,,,,,,,,
,,,,,,,,55500,0.97566,1.10808,,,,,,,,,,,,,
,,,,,,,,55800,0.97665,1.10897,,,,,,,,,,,,,
,,,,,,,,56100,0.97835,1.10891,,,,,,,,,,,,,
,,,,,,,,56400,0.97979,1.10888,,,,,,,,,,,,,
,,,,,,,,56700,0.98184,1.11038,,,,,,,,,,,,,
,,,,,,,,57000,0.9829,1.11117,,,,,,,,,,,,,
,,,,,,,,57300,0.98456,1.11131,,,,,,,,,,,,,
,,,,,,,,57600,0.98511,1.11224,,,,,,,,,,,,,
,,,,,,,,57900,0.98628,1.10904,,,,,,,,,,,,,
,,,,,,,,58200,0.98767,1.11033,,,,,,,,,,,,,
,,,,,,,,58500,0.98873,,,,,,,,,,,,,,
,,,,,,,,58800,0.99048,,,,,,,,,,,,,,
,,,,,,,,59100,0.99137,,,,,,,,,,,,,,
,,,,,,,,59400,0.99176,,,,,,,,,,,,,,
,,,,,,,,59700,0.99347,,,,,,,,,,,,,,
,,,,,,,,60000,0.99392,,,,,,,,,,,,,,
